company,year,vdi_score_unscaled,entailment_q1,entailment_q2,entailment_q3,entailment_q4,entailment_q5,entailment_q6,entailment_q7,entailment_q8,entailment_q9,entailment_q10,entailment_q11,entailment_q12,entailment_q13,entailment_q14,entailment_q15,entailment_q16,entailment_q17,entailment_q18,entailment_q19,entailment_q20,entailment_q21,entailment_q22,entailment_q23,entailment_q24,entailment_q25,entailment_q26,entailment_q27,entailment_q28,entailment_q29,entailment_q30,entailment_q31,entailment_q32,entailment_q33,entailment_q34,entailment_q35,entailment_q36,entailment_q37,entailment_q38,entailment_q39,entailment_q40,entailment_q41,entailment_q42,entailment_q43,entailment_q44,entailment_q45,entailment_q46,entailment_q47,entailment_q48,entailment_q49,entailment_q50,entailment_q51,entailment_q52,entailment_q53,entailment_q54,entailment_q55,entailment_q56,entailment_q57,entailment_q58,entailment_q59,entailment_q60,entailment_q61,entailment_q62,entailment_q63,entailment_q64,entailment_q65,entailment_q66,entailment_q67,entailment_q68,entailment_q69
Bharti Airtel,2015,41.0,0.9384544491767884,0.9821804761886596,0.9692707657814026,0.8770974278450012,0.7936533689498901,0.9512101411819458,0.8886131048202515,0.9803563356399536,0.7179105281829834,0.952595353126526,0.985298752784729,0.9569613337516784,0.9515356421470642,0.9729167819023132,0.9196957945823668,0.8509089946746826,0.9627776741981506,0.95195335149765,0.9844299554824828,0.9288538098335266,0.4080861508846283,0.806546151638031,0.913521647453308,0.9082589745521544,0.9861915111541748,0.9725462198257446,0.5120868682861328,0.9268435835838318,0.959236204624176,0.9424163103103638,0.5102455615997314,0.8850845098495483,0.9290077090263368,0.8833908438682556,0.9896692633628844,0.9812408089637756,0.8005061745643616,0.8497691750526428,0.0595376305282115,0.9342936873435974,0.8894201517105103,0.663226306438446,0.952828288078308,0.8584617972373962,0.6307265162467957,0.6224378347396851,0.883558452129364,0.490839272737503,0.9729236364364624,0.8546571731567383,0.8201783895492554,0.8809255361557007,0.9553312659263612,0.929240107536316,0.7021036148071289,0.4826169908046722,0.2246572077274322,0.9741939902305604,0.9479037523269652,0.9294834733009338,0.9849876761436462,0.967488408088684,0.7321169972419739,0.9915640354156494,0.9682674407958984,0.9060937762260436,0.9741185307502748,0.9841066598892212,0.9730980396270752
Bharti Airtel,2016,39.0,0.9559937715530396,0.9896392822265624,0.9915926456451416,0.9822977781295776,0.8915587067604065,0.9267337918281556,0.9530280232429504,0.9598703980445862,0.9413845539093018,0.9817756414413452,0.9505059719085692,0.9770679473876952,0.955544412136078,0.9059687256813048,0.9455236196517944,0.8528669476509094,0.9634522199630736,0.967457354068756,0.9563379287719728,0.994149088859558,0.9109297394752502,0.9265347123146056,0.9818512201309204,0.9803224205970764,0.9885863661766052,0.9759387969970704,0.7963331937789917,0.9209815263748168,0.961125910282135,0.9635432958602904,0.9123520255088806,0.9784892797470092,0.9661341905593872,0.8567362427711487,0.9843304753303528,0.9537583589553832,0.9566598534584044,0.9800938963890076,0.3436989784240722,0.7789158225059509,0.8866899013519287,0.9492290019989014,0.926413357257843,0.9275411367416382,0.91363924741745,0.1841388791799545,0.9959230422973632,0.8674442768096924,0.8700558543205261,0.8685740232467651,0.3235255479812622,0.9705224633216858,0.9434165358543396,0.9038910865783693,0.7196279764175415,0.8091607093811035,0.7174056768417358,0.9659255146980286,0.9223328232765198,0.9362164735794068,0.985054612159729,0.9575669169425964,0.9140110611915588,0.9872474670410156,0.9812937378883362,0.9595465064048768,0.9634387493133544,0.9839662909507751,0.9709694385528564
Bharti Airtel,2017,40.0,0.965604841709137,0.9781852960586548,0.9714788198471068,0.7722206115722656,0.9259939789772034,0.8436925411224365,0.9700102806091307,0.9737870693206788,0.9381434917449952,0.988513171672821,0.9769778251647948,0.946485698223114,0.9689624309539796,0.7842926979064941,0.919323205947876,0.9311140775680542,0.9268407821655272,0.9358032941818236,0.972646713256836,0.687570333480835,0.973630428314209,0.6658568382263184,0.523773729801178,0.4993908107280731,0.9860979318618774,0.6809015870094299,0.4907881617546081,0.9330969452857972,0.9625511169433594,0.9582804441452026,0.7804951667785645,0.9368808269500732,0.9484555125236512,0.7373949289321899,0.9624233245849608,0.9660771489143372,0.9622321724891664,0.9547945261001588,0.157061293721199,0.7202038764953613,0.7595370411872864,0.283063530921936,0.8130793571472168,0.8014185428619385,0.5606085062026978,0.3190303444862366,0.989955186843872,0.5577216148376465,0.9149470925331116,0.8256832361221313,0.3484150767326355,0.8985764980316162,0.8808931708335876,0.9614683985710144,0.4673574864864349,0.4778148829936981,0.1753812879323959,0.9908301830291748,0.9777745008468628,0.8661242127418518,0.960732638835907,0.5773435831069946,0.4913811385631561,0.9283149838447572,0.9473540782928468,0.902346670627594,0.9627439975738524,0.9827514290809632,0.9237050414085388
Bharti Airtel,2018,43.0,0.8970235586166382,0.978774905204773,0.985870122909546,0.7305755615234375,0.8110719919204712,0.8658655285835266,0.9491897821426392,0.9764040112495422,0.9575342535972596,0.983715832233429,0.9775384068489076,0.9402641654014589,0.9449127912521362,0.9354691505432128,0.958746373653412,0.4814891517162323,0.9658960103988647,0.8880517482757568,0.953399896621704,0.9401980638504028,0.9801750779151917,0.8328801393508911,0.7659494876861572,0.6678426265716553,0.9761658310890198,0.2269753813743591,0.4077199399471283,0.2865009307861328,0.9826942086219788,0.9757331013679504,0.8916332721710205,0.9586739540100098,0.9118218421936036,0.5340461134910583,0.9458097219467164,0.9412585496902466,0.9577851295471193,0.9784841537475586,0.4336439073085785,0.8970449566841125,0.935374081134796,0.4112501442432403,0.9172746539115906,0.923223912715912,0.6013699173927307,0.3697280585765838,0.9879651069641112,0.6125002503395081,0.7850364446640015,0.8905153870582581,0.3744285702705383,0.9204504489898682,0.8293593525886536,0.9031729698181152,0.8534368872642517,0.8039196133613586,0.1161791831254959,0.9915878176689148,0.982435405254364,0.9595253467559814,0.984858512878418,0.8604668378829956,0.7508373856544495,0.9294430017471312,0.9299996495246888,0.8610475063323975,0.980035960674286,0.9900879263877868,0.942380964756012
Coal India,2014,40.0,0.961965560913086,0.9923100471496582,0.9362280368804932,0.9353790879249572,0.7980419993400574,0.979400098323822,0.8045802712440491,0.9425999522209167,0.9815083146095276,0.9477428197860718,0.9090244770050048,0.88788902759552,0.9360783100128174,0.8927662968635559,0.9699716567993164,0.8015743494033813,0.822436511516571,0.8558033108711243,0.9450172185897828,0.9440122246742249,0.9297783374786376,0.9333495497703552,0.9331386089324952,0.8169516324996948,0.8729655742645264,0.974071443080902,0.6848110556602478,0.5483700037002563,0.934166133403778,0.5147709846496582,0.8580203056335449,0.9590561389923096,0.9546817541122437,0.9413565397262572,0.8156003952026367,0.9599119424819946,0.3657384514808655,0.9434563517570496,0.8536143898963928,0.9946606755256652,0.779181182384491,0.7283945679664612,0.9724368453025818,0.9339687824249268,0.6036944389343262,0.4937314689159393,0.5235825777053833,0.480714201927185,0.9124934673309326,0.9508921504020692,0.5652158260345459,0.9561566710472108,0.8912608623504639,0.9459409117698668,0.950291097164154,0.925682008266449,0.7325687408447266,0.9121381640434264,0.963808000087738,0.965977668762207,0.9834303855895996,0.9901692867279052,0.7664820551872253,0.9251537919044496,0.979994535446167,0.8750935196876526,0.9837287068367004,0.9663602709770204,0.9583178162574768
Coal India,2015,42.0,0.935957372188568,0.9643800854682922,0.9924633502960204,0.8517356514930725,0.8079121112823486,0.985584318637848,0.9558953642845154,0.9454613924026488,0.9859341979026794,0.843566358089447,0.9866737127304076,0.9528102278709412,0.9385470747947692,0.9317063689231871,0.974539041519165,0.9741899967193604,0.8449094295501709,0.0894136503338813,0.9379602670669556,0.6744117736816406,0.9288232922554016,0.9380305409431458,0.9236697554588318,0.7206774950027466,0.92503422498703,0.7468706965446472,0.5768598914146423,0.5996158719062805,0.9256153106689452,0.9604313373565674,0.9557172060012816,0.9478222727775574,0.9559822082519532,0.8618320822715759,0.6537739634513855,0.9850126504898072,0.2819849550724029,0.8493547439575195,0.2214583456516266,0.9960581064224244,0.9226579666137696,0.9244558215141296,0.9721724987030028,0.9298121333122252,0.8143347501754761,0.1721148192882537,0.5696290731430054,0.4801783859729767,0.9276574850082396,0.9566532373428344,0.1217894181609153,0.9387075304985046,0.8399892449378967,0.8991460204124451,0.8604267835617065,0.8312488794326782,0.4326920211315155,0.9390274286270142,0.959832727909088,0.9824559688568116,0.983235001564026,0.8562456965446472,0.5349807143211365,0.9599230289459229,0.990752100944519,0.6403003334999084,0.9679651856422424,0.8324365615844727,0.8163400888442993
Coal India,2016,43.0,0.898963212966919,0.952169954776764,0.992393970489502,0.8903108835220337,0.9162241816520692,0.9608551859855652,0.8966513276100159,0.9548238515853882,0.6519888043403625,0.791390597820282,0.9841251373291016,0.9010965824127196,0.8936510682106018,0.923379361629486,0.8786664009094238,0.495297372341156,0.9063732624053956,0.7045032382011414,0.8829007744789124,0.8199477195739746,0.928409218788147,0.9317956566810608,0.9286321401596068,0.8110732436180115,0.8982053399085999,0.9543082118034364,0.5114997625350952,0.5149927139282227,0.9315077066421508,0.8979552388191223,0.9534922242164612,0.9501258730888368,0.9477791786193848,0.9466642737388612,0.761883020401001,0.9811367988586426,0.7948437333106995,0.8783700466156006,0.1463672965764999,0.996006429195404,0.9449891448020936,0.7983715534210205,0.9865824580192566,0.895562469959259,0.6809064149856567,0.041700791567564,0.9152656197547911,0.6307474374771118,0.8031674027442932,0.9367575645446776,0.270222395658493,0.9431648254394532,0.9258708953857422,0.961437463760376,0.791792631149292,0.8529338836669922,0.268344521522522,0.9547847509384156,0.9276695847511292,0.9675163626670836,0.9801817536354064,0.959151566028595,0.9014229774475098,0.9546781778335572,0.9635337591171264,0.9209077954292296,0.8966755867004395,0.9434095621109008,0.9115562438964844
Coal India,2017,44.0,0.8712526559829712,0.9659531116485596,0.9916054010391236,0.7803872227668762,0.7807363867759705,0.9257080554962158,0.8473207950592041,0.9476866126060486,0.7607526779174805,0.8836014270782471,0.9731407165527344,0.8865480422973633,0.8731752038002014,0.9337369799613952,0.8718076348304749,0.8521419167518616,0.9102404117584229,0.8013898730278015,0.9653927087783812,0.7931278347969055,0.9700278639793396,0.944569766521454,0.9225723147392272,0.8124828934669495,0.9619654417037964,0.5954644680023193,0.7814606428146362,0.4094561636447906,0.9358218908309937,0.4960973262786865,0.983716607093811,0.9782832860946656,0.9600456357002258,0.8913967609405518,0.7566943168640137,0.9775395393371582,0.4192652106285095,0.824307918548584,0.1393014192581176,0.9935304522514344,0.8582122921943665,0.8562013506889343,0.8203892707824707,0.8909502029418945,0.7556006908416748,0.0639765486121177,0.9971535205841064,0.7485335469245911,0.4420990943908691,0.9438599348068236,0.3740614950656891,0.942572832107544,0.808027446269989,0.9808316826820374,0.8359127640724182,0.8916528820991516,0.5175994634628296,0.968280017375946,0.946849763393402,0.9786036610603333,0.9619362950325012,0.9404613971710204,0.558542013168335,0.9331653714179992,0.9816011190414428,0.7649775743484497,0.9568514823913574,0.990026831626892,0.7947403192520142
Coal India,2018,42.0,0.9290125370025636,0.987421989440918,0.9942638278007508,0.8824069499969482,0.8182730674743652,0.8994631171226501,0.8593550324440002,0.929452896118164,0.7897809147834778,0.9771604537963868,0.9347379803657532,0.9386628270149232,0.9477849006652832,0.9224349856376648,0.9326322078704834,0.7880915999412537,0.8224733471870422,0.8552154898643494,0.9358633160591124,0.7177818417549133,0.9818681478500366,0.9258095026016236,0.909052550792694,0.7952266931533813,0.9803996086120604,0.8365620970726013,0.4867335855960846,0.6032493710517883,0.9661927223205566,0.516044557094574,0.932232141494751,0.9588027000427246,0.9681705236434937,0.916191577911377,0.6541630625724792,0.9746479988098145,0.3369919061660766,0.6879525780677795,0.2016826570034027,0.995172679424286,0.7347739338874817,0.6514310240745544,0.9353803396224976,0.8631929159164429,0.8064555525779724,0.0288122110068798,0.9950205087661744,0.6539512872695923,0.5046533346176147,0.9422435760498048,0.3089703619480133,0.9515025019645692,0.9340099096298218,0.9664469957351683,0.9072558283805848,0.7871689796447754,0.454280287027359,0.8533885478973389,0.9712267518043518,0.9705801606178284,0.9666509032249452,0.963320016860962,0.6345164775848389,0.9397497773170472,0.9712914228439332,0.8866795897483826,0.9188637733459472,0.9852764010429382,0.9208070039749146
HUL,2014,42.0,0.969250500202179,0.974656581878662,0.9793657064437866,0.9625903367996216,0.8613321185112,0.9238715767860411,0.8797730803489685,0.9365696310997008,0.925032913684845,0.9172291159629822,0.8561469316482544,0.9507737159729004,0.939173460006714,0.8741903305053711,0.9505425095558168,0.7816444039344788,0.7819820642471313,0.9608185291290284,0.9486281871795654,0.741664469242096,0.7813624739646912,0.7794091105461121,0.7484626770019531,0.6942449808120728,0.8073288798332214,0.951671540737152,0.6166704893112183,0.2016285508871078,0.9563007354736328,0.7514071464538574,0.771720826625824,0.8835813403129578,0.8664517402648926,0.725162923336029,0.6206437349319458,0.8780238032341003,0.9683006405830384,0.8940951228141785,0.7443724274635315,0.9935072660446168,0.9474629759788512,0.4705093204975128,0.3149974346160888,0.9912731051445008,0.6228470206260681,0.5647739768028259,0.996112048625946,0.4712754487991333,0.93906831741333,0.942405879497528,0.6357985734939575,0.9224283695220948,0.8817653656005859,0.8552906513214111,0.6545117497444153,0.915302276611328,0.4934397041797638,0.8398450016975403,0.9883245229721068,0.9939327836036682,0.9742882251739502,0.94592022895813,0.5811968445777893,0.9802601933479308,0.988584280014038,0.9531068801879884,0.9454498887062072,0.9747667908668518,0.9461935758590698
HUL,2015,45.0,0.9612516760826112,0.9780092239379884,0.9271665811538696,0.9853172898292542,0.9722338914871216,0.8748286962509155,0.8925185799598694,0.9637959599494934,0.9465320110321044,0.9696448445320128,0.917244553565979,0.9737843871116638,0.9223959445953368,0.8776440620422363,0.986078441143036,0.8366248607635498,0.9532569646835328,0.7052193284034729,0.8017498850822449,0.9121860265731812,0.6124639511108398,0.8855711221694946,0.6841210126876831,0.6613417267799377,0.9853686690330504,0.9884618520736694,0.6984062790870667,0.2451974153518676,0.9641419649124146,0.959557831287384,0.3199345767498016,0.9585738182067872,0.91374272108078,0.8884738087654114,0.6415967345237732,0.970971703529358,0.966725528240204,0.9677128195762634,0.8933733701705933,0.9895558953285216,0.9381084442138672,0.4408458173274994,0.7622239589691162,0.983866810798645,0.9659715294837952,0.0933881402015686,0.995586395263672,0.5548675656318665,0.7519670724868774,0.9127491116523744,0.8807799220085144,0.9420436024665833,0.7952893376350403,0.892876148223877,0.9087135195732116,0.7374671697616577,0.7162677645683289,0.806656002998352,0.9853469133377076,0.990768015384674,0.979464054107666,0.8244774341583252,0.6544022560119629,0.9834681749343872,0.9840183854103088,0.8270007967948914,0.8704070448875427,0.9876250624656676,0.9712485671043396
HUL,2016,47.0,0.9410393238067628,0.9799623489379884,0.9874240756034852,0.990467369556427,0.9178301692008972,0.866805374622345,0.899778425693512,0.9793539047241212,0.9424700140953064,0.9241151213645936,0.9749256372451782,0.9510127902030944,0.939858376979828,0.9056397080421448,0.964329719543457,0.9000601172447205,0.7185817360877991,0.7867162227630615,0.9360108375549316,0.9163331985473632,0.6490840911865234,0.8848620057106018,0.7872297763824463,0.6108364462852478,0.9888344407081604,0.9532535076141356,0.6549487113952637,0.3705858290195465,0.9749680757522584,0.8997058272361755,0.8847137689590454,0.95247483253479,0.8760583996772766,0.8032792210578918,0.926460027694702,0.9619318842887878,0.9867153763771056,0.9512159824371338,0.3256426453590393,0.9844506978988647,0.940355122089386,0.683569073677063,0.5794817805290222,0.9915140271186828,0.9910128712654114,0.5741491317749023,0.9970299005508424,0.7792893052101135,0.7962258458137512,0.9434223771095276,0.868445098400116,0.9180244207382202,0.8901141285896301,0.7450358867645264,0.8798774480819702,0.7146239280700684,0.3367229700088501,0.9452381730079652,0.9886899590492249,0.9944295883178712,0.9808273315429688,0.9001029133796692,0.6368677020072937,0.9774001240730286,0.98005211353302,0.7665921449661255,0.9092629551887512,0.9818427562713624,0.9384359121322632
HUL,2017,50.0,0.9280139803886414,0.9861787557601928,0.94895201921463,0.9817401170730592,0.9179745316505432,0.8585996627807617,0.91031152009964,0.983372151851654,0.9473207592964172,0.9538035988807678,0.9643831849098206,0.9515261650085448,0.9176324009895324,0.8867403268814087,0.9780372381210328,0.8550499081611633,0.805837869644165,0.912507951259613,0.900424063205719,0.9275413751602172,0.9623320698738098,0.8047276139259338,0.6150375008583069,0.700203537940979,0.9815660715103148,0.8709613680839539,0.709286630153656,0.100884273648262,0.9646459221839904,0.9201748371124268,0.9145532250404358,0.8944489359855652,0.8519566655158997,0.9304405450820924,0.6392320394515991,0.9774412512779236,0.948521852493286,0.9891118407249452,0.1761949956417083,0.9891693592071532,0.8372735977172852,0.6198321580886841,0.6440512537956238,0.9871834516525269,0.9909668564796448,0.045359693467617,0.9941895008087158,0.8935183882713318,0.6876299977302551,0.8843807578086853,0.3625996708869934,0.9622045755386353,0.7949762344360352,0.9644825458526612,0.6205294728279114,0.7790769338607788,0.2802304625511169,0.9847760796546936,0.9928192496299744,0.9936034083366394,0.9765056371688844,0.9519836902618408,0.7852441072463989,0.9791024327278136,0.9902580976486206,0.9568783640861512,0.9906032681465148,0.9884668588638306,0.94105327129364
HUL,2018,48.0,0.9493231773376464,0.981780767440796,0.9840821027755736,0.744016706943512,0.9037562608718872,0.8490335941314697,0.8649893403053284,0.9482092261314392,0.9811360239982604,0.9149311184883118,0.8215633034706116,0.9465467929840088,0.9735707640647888,0.8256840109825134,0.9098578095436096,0.8468773365020752,0.8186984658241272,0.8748232126235962,0.9404582977294922,0.8293483257293701,0.9810262322425842,0.5621739625930786,0.4481062293052673,0.5289702415466309,0.9748044013977052,0.8553060293197632,0.664204478263855,0.2199799716472625,0.9738117456436156,0.9526137113571168,0.823190450668335,0.9583739638328552,0.969187319278717,0.7572431564331055,0.5801973342895508,0.8939235210418701,0.9740290641784668,0.9818288087844848,0.1522442996501922,0.9911893606185912,0.9161357283592224,0.5851284265518188,0.961786448955536,0.9904753565788268,0.9921323657035828,0.077020913362503,0.99276202917099,0.9354494214057922,0.8794065713882446,0.909613072872162,0.3391666710376739,0.9283680319786072,0.8864212036132812,0.8420829176902771,0.4114168286323547,0.2094871699810028,0.1512299180030822,0.9835659861564636,0.9909352660179138,0.9932752847671508,0.9833932518959044,0.4418050348758697,0.7635906338691711,0.98809415102005,0.9749899506568908,0.7929791808128357,0.9803094267845154,0.9826943278312684,0.919261634349823
ITC,2014,39.0,0.9656520485877992,0.9875330924987792,0.9888091683387756,0.8384243249893188,0.8180294632911682,0.9582741260528564,0.9354304075241088,0.9050402641296388,0.8746427893638611,0.9770430326461792,0.981613278388977,0.9470250010490416,0.8904756903648376,0.8296446800231934,0.9549592137336732,0.672528088092804,0.9379558563232422,0.8053091764450073,0.8533641695976257,0.8799696564674377,0.9033216238021852,0.7359561324119568,0.6805773973464966,0.7644809484481812,0.9870933890342712,0.9717986583709716,0.6607025265693665,0.7280005812644958,0.9003862738609314,0.9129963517189026,0.9324682950973512,0.9703706502914428,0.9817009568214417,0.8145081400871277,0.7763007879257202,0.811318039894104,0.9081792235374452,0.9735475182533264,0.8915907144546509,0.9952036142349244,0.9622140526771544,0.4428388178348541,0.9694506525993348,0.9055553078651428,0.5191726088523865,0.1412660628557205,0.9401461482048036,0.4403710067272186,0.8974003791809082,0.909416437149048,0.5891695618629456,0.8575290441513062,0.810318648815155,0.9486590623855592,0.7795295119285583,0.6668364405632019,0.5849712491035461,0.9443809390068054,0.9798898696899414,0.9491966366767884,0.97940331697464,0.8276631236076355,0.8091278076171875,0.9887226819992064,0.9892330169677734,0.9512101411819458,0.9472388625144958,0.9823921322822572,0.962135374546051
ITC,2015,79.61538462,0.9625161290168762,0.9886921644210817,0.99161958694458,0.940267026424408,0.8871333599090576,0.7158704996109009,0.94009131193161,0.9011226296424866,0.8844221830368042,0.9657886028289796,0.9749958515167236,0.9440480470657348,0.9147891998291016,0.8505789637565613,0.924835741519928,0.7517858147621155,0.8616387248039246,0.7678418755531311,0.8649632334709167,0.9309740662574768,0.8841755986213684,0.8551601767539978,0.8911228179931641,0.7289332151412964,0.9823024868965148,0.9874730110168456,0.8743769526481628,0.3506840467453003,0.9750806093215942,0.831273078918457,0.9096152186393738,0.9333811402320862,0.9476931095123292,0.879424512386322,0.7130690217018127,0.9369614124298096,0.9234098792076112,0.968020498752594,0.9080251455307008,0.9948018789291382,0.9743896126747132,0.6920841336250305,0.9078691005706788,0.9033795595169068,0.6915473341941833,0.300001323223114,0.985289752483368,0.6852022409439087,0.981773555278778,0.9542510509490968,0.630746603012085,0.8811282515525818,0.8184805512428284,0.9425457119941713,0.9654680490493774,0.872708797454834,0.6150016784667969,0.9431067109107972,0.976232886314392,0.9583678245544434,0.974460244178772,0.8913375735282898,0.7142348885536194,0.9731171131134032,0.9853736162185668,0.8980117440223694,0.93465656042099,0.9839165806770324,0.9693344831466676
ITC,2016,38.0,0.9509907960891724,0.9907276630401612,0.9898964166641236,0.7878310680389404,0.7848091125488281,0.7022049427032471,0.9419559240341188,0.93102365732193,0.9389477372169496,0.9641311168670654,0.9762945771217346,0.9275776743888856,0.8957014083862305,0.7837399840354919,0.950569987297058,0.8925577998161316,0.931918740272522,0.8805617094039917,0.8723655939102173,0.5101857781410217,0.6777505278587341,0.9303613901138306,0.9290238618850708,0.7990081906318665,0.9724105000495912,0.9829970598220824,0.7075117826461792,0.4596306681632995,0.946451723575592,0.8091967701911926,0.962189555168152,0.9291053414344788,0.9645334482192992,0.9223936796188354,0.626680850982666,0.9087186455726624,0.9604253768920898,0.931652843952179,0.7604881525039673,0.9942712783813475,0.9852449297904968,0.5594432353973389,0.9529602527618408,0.980703353881836,0.8510676026344299,0.0382281467318534,0.979422092437744,0.4827796816825866,0.9470353722572328,0.9297917485237122,0.732075572013855,0.9448412656784058,0.8860496878623962,0.9574196934700012,0.7356417179107666,0.6548698544502258,0.500994086265564,0.9718366265296936,0.9783422946929932,0.9910075068473816,0.9770282506942748,0.6038960814476013,0.8598825335502625,0.9747403860092164,0.9884782433509828,0.9930437803268432,0.9571601748466492,0.9696519374847412,0.976940929889679
ITC,2017,41.9934,0.9708220362663268,0.9882031083106996,0.9869096875190736,0.4944968521595001,0.8492438197135925,0.7417702078819275,0.925141215324402,0.9661279916763306,0.9810119867324828,0.9843062162399292,0.9779561758041382,0.960675835609436,0.9443355202674866,0.8386539220809937,0.9551522135734558,0.8190546035766602,0.9094759821891784,0.5628836154937744,0.8907028436660767,0.4433973431587219,0.9239467978477478,0.8176192045211792,0.9236302971839904,0.6852487325668335,0.9769744277000428,0.967631459236145,0.4806723892688751,0.4139415323734283,0.9264726638793944,0.8557198643684387,0.887102484703064,0.9481565356254578,0.9679272174835204,0.7776474356651306,0.6768604516983032,0.9328390955924988,0.947348952293396,0.914722979068756,0.8398799300193787,0.98809552192688,0.9646637439727784,0.3486300408840179,0.9014427661895752,0.9421499371528624,0.8118002414703369,0.0689717903733253,0.9942253232002258,0.6362957954406738,0.9185784459114076,0.9305898547172546,0.3175998628139496,0.9209476113319396,0.7809271812438965,0.9197292923927308,0.973205268383026,0.7896576523780823,0.4078309237957001,0.9875624179840088,0.9763219356536864,0.9922401905059814,0.9860883355140686,0.940001666545868,0.7277378439903259,0.9674764275550842,0.9881269335746764,0.9916830062866212,0.976866900920868,0.9866288900375366,0.9423646926879884
ITC,2018,41.9934,0.9589772820472716,0.9848722219467164,0.991600513458252,0.5350666642189026,0.8826462030410767,0.965865969657898,0.912529468536377,0.9584668278694152,0.9737496972084044,0.981165885925293,0.9827560186386108,0.97627592086792,0.9568620920181274,0.8070443868637085,0.9398791790008544,0.6978849768638611,0.8915774822235107,0.3536635935306549,0.9548019170761108,0.4548224508762359,0.9233317971229552,0.6461871862411499,0.7577850222587585,0.8257550597190857,0.9498466849327089,0.9767599701881408,0.4717431664466858,0.4102241396903991,0.942723274230957,0.9525606036186218,0.9247374534606934,0.9607322812080384,0.9518036246299744,0.7153642773628235,0.7582471370697021,0.686768651008606,0.985585391521454,0.9611365795135498,0.8275554180145264,0.9941179752349854,0.943690061569214,0.6412445902824402,0.9022579789161682,0.950733721256256,0.8023988604545593,0.0882089287042617,0.8263509273529053,0.959137499332428,0.9618809223175048,0.890140950679779,0.2806484699249267,0.8581282496452332,0.7832574248313904,0.9562638998031616,0.9719372987747192,0.9696251153945924,0.5243684649467468,0.9880470037460328,0.9611952900886536,0.8185679316520691,0.9860198497772216,0.9627453088760376,0.753355085849762,0.9520488381385804,0.9843239188194276,0.9890634417533876,0.9495230317115784,0.9860873818397522,0.8874447345733643
Infosys,2014,38.0,0.9627035856246948,0.9934759736061096,0.9406799077987672,0.9619818925857544,0.7857839465141296,0.9393773674964904,0.8765652179718018,0.9762853384017944,0.7094011306762695,0.8892718553543091,0.928049385547638,0.9748083353042604,0.9580398201942444,0.8562136888504028,0.981296956539154,0.655860424041748,0.9024189710617064,0.8995646834373474,0.953921377658844,0.6757421493530273,0.543171763420105,0.846331000328064,0.7630005478858948,0.5813506841659546,0.6193121075630188,0.8663221001625061,0.4465901255607605,0.952362596988678,0.9810638427734376,0.9667792320251464,0.9815596342086792,0.9111409783363342,0.928175926208496,0.9273750185966492,0.9077647924423218,0.9636490941047668,0.5853167176246643,0.972773015499115,0.7765546441078186,0.992010772228241,0.8970024585723877,0.929796040058136,0.8388863205909729,0.8530663251876831,0.7278633117675781,0.5685345530509949,0.9795913696289062,0.6977007985115051,0.8586888909339905,0.9106799364089966,0.4116479158401489,0.8020395040512085,0.8819963335990906,0.808060884475708,0.3762906789779663,0.3143629431724548,0.1516379415988922,0.9717755913734436,0.9862090349197388,0.8960124254226685,0.9715002179145812,0.9691675305366516,0.6346163153648376,0.910983145236969,0.9903867840766908,0.9710172414779664,0.966786801815033,0.9690436720848083,0.9878634214401244
Infosys,2015,42.0,0.9747658967971802,0.9926851987838744,0.9412381649017334,0.9750528931617736,0.6762406826019287,0.9135510921478271,0.8550782203674316,0.8726454377174377,0.9048352241516112,0.9648212194442748,0.8917858600616455,0.9518734812736512,0.963801383972168,0.8841460347175598,0.945176124572754,0.934660017490387,0.919653058052063,0.9547626972198486,0.916685163974762,0.898237943649292,0.6571089625358582,0.6170783638954163,0.8287380337715149,0.6652023196220398,0.5922610759735107,0.9351494908332824,0.3116239011287689,0.9486748576164246,0.9769778251647948,0.8860055208206177,0.982999861240387,0.9155876636505128,0.9793341159820556,0.8548550605773926,0.907559096813202,0.9613704681396484,0.8447858095169067,0.95992249250412,0.7022176384925842,0.983429193496704,0.9766729474067688,0.915489673614502,0.7810413837432861,0.8544396162033081,0.9363510608673096,0.2334182560443878,0.97613924741745,0.7388339638710022,0.8891201019287109,0.8439067006111145,0.6628767848014832,0.8581277132034302,0.8929974436759949,0.9357674717903136,0.3094681203365326,0.4105742573738098,0.4674657881259918,0.8898563981056213,0.9771093726158142,0.8920954465866089,0.9392470717430116,0.9617633819580078,0.8129815459251404,0.9933655858039856,0.987751841545105,0.977837860584259,0.9780680537223816,0.9643304347991944,0.9869787693023682
Infosys,2016,47.0,0.9604619145393372,0.9821202158927916,0.9636142253875732,0.880364179611206,0.7435680627822876,0.8998118042945862,0.933241069316864,0.946657121181488,0.7416106462478638,0.8727323412895203,0.887728214263916,0.9792519211769104,0.9684550166130066,0.965226948261261,0.9507854580879213,0.6751359105110168,0.8925272822380066,0.9528349041938782,0.9230479598045348,0.6460933089256287,0.4931377172470093,0.7812577486038208,0.7130809426307678,0.7541788816452026,0.9126001596450806,0.9831743836402892,0.4235753417015075,0.9728866219520568,0.9869150519371032,0.8723409175872803,0.9833135008811952,0.9105897545814514,0.9513169527053832,0.7754084467887878,0.9013842344284058,0.9330302476882936,0.8405816555023193,0.9694327116012572,0.2001422047615051,0.975545346736908,0.8652527332305908,0.9468162059783936,0.7198241949081421,0.8166289925575256,0.894698977470398,0.0378285124897956,0.993413269519806,0.7733004093170166,0.7632972598075867,0.8290841579437256,0.8835347294807434,0.844695508480072,0.7936559319496155,0.9332661032676696,0.4731365442276001,0.4052802324295044,0.5135647654533386,0.9909714460372924,0.96135675907135,0.9073419570922852,0.9699499011039734,0.9683664441108704,0.913304328918457,0.9898599982261658,0.9894569516181946,0.9891674518585204,0.9156071543693542,0.9627659916877748,0.9735398292541504
Infosys,2017,46.0,0.9492921233177184,0.9754413366317748,0.9542198777198792,0.9581090807914734,0.7090541124343872,0.8771297335624695,0.8794647455215454,0.8739391565322876,0.602418065071106,0.8929149508476257,0.9788191318511964,0.9510814547538756,0.9419417977333068,0.8349130153656006,0.9885213375091552,0.8454081416130066,0.9036842584609984,0.9844884872436525,0.9673568606376648,0.6042492985725403,0.9668203592300416,0.7169293761253357,0.738533616065979,0.7168611884117126,0.9106053709983826,0.8327071070671082,0.3396163284778595,0.9576207995414734,0.9831794500350952,0.914839804172516,0.9499057531356812,0.9193434119224548,0.9501807689666748,0.8046749234199524,0.630940318107605,0.962192177772522,0.8784922957420349,0.906115472316742,0.2299994975328445,0.989546000957489,0.8951759338378906,0.8487762808799744,0.7661937475204468,0.8561310172080994,0.8652355074882507,0.0782558172941207,0.9757157564163208,0.5342260003089905,0.5827772617340088,0.9625720977783204,0.2966661155223846,0.9621172547340392,0.8370074033737183,0.8941532969474792,0.6579328179359436,0.7084940075874329,0.1653903722763061,0.9809370636940002,0.977085828781128,0.8542128801345825,0.972941279411316,0.9403935074806212,0.7909573912620544,0.983817219734192,0.9814899563789368,0.9924665093421936,0.9766223430633544,0.9648007750511168,0.5787718892097473
Infosys,2018,45.0,0.9393590688705444,0.9852749109268188,0.991422474384308,0.4926925599575043,0.7693284153938293,0.7826619744300842,0.8292201161384583,0.930698812007904,0.920482575893402,0.6405598521232605,0.9675182700157166,0.97038471698761,0.97133070230484,0.8752835988998413,0.952899932861328,0.9008907079696656,0.9263826608657836,0.8914406299591064,0.9591359496116638,0.6127952933311462,0.8631940484046936,0.8480004668235779,0.7608106136322021,0.7887557744979858,0.99128657579422,0.6496910452842712,0.5110728144645691,0.9572480916976928,0.9439233541488647,0.8822821378707886,0.923746645450592,0.924760401248932,0.9671934247016908,0.7739102244377136,0.459329754114151,0.9609902501106262,0.6065113544464111,0.9670863151550292,0.2411121428012848,0.9874432682991028,0.8981117606163025,0.9609639644622804,0.6344122290611267,0.9220160245895386,0.9471566081047058,0.098470389842987,0.9809072613716124,0.8990060091018677,0.5009430646896362,0.9390249848365784,0.3048718869686126,0.8804753422737122,0.7930771112442017,0.9249250888824464,0.4907126426696777,0.5406498908996582,0.3114025890827179,0.9848707318305968,0.9685512781143188,0.750139057636261,0.9840006828308104,0.9596571922302246,0.8451309204101562,0.989509105682373,0.961868941783905,0.993067502975464,0.9743680953979492,0.9758777618408204,0.6054157614707947
ONGC,2014,32.0,0.895542562007904,0.9869622588157654,0.9930089712142944,0.8890644907951355,0.8217121362686157,0.9075724482536316,0.934864342212677,0.8688050508499146,0.9719456434249878,0.96956205368042,0.9778559803962708,0.9800888895988464,0.968713641166687,0.8895716071128845,0.9207170605659484,0.7005888819694519,0.9547121524810792,0.7492172718048096,0.9638864994049072,0.774056613445282,0.9857777953147888,0.9277573227882384,0.8780185580253601,0.6117833256721497,0.9869471788406372,0.953980028629303,0.5490472316741943,0.8735975027084351,0.976611316204071,0.6621796488761902,0.8999145030975342,0.921907603740692,0.972899854183197,0.8341820240020752,0.8321136832237244,0.9622236490249634,0.9457828998565674,0.9601051807403564,0.3088147640228271,0.9589802622795104,0.8437899947166443,0.3922409415245056,0.5582377314567566,0.869319498538971,0.881903886795044,0.0379217751324176,0.2517310082912445,0.6868887543678284,0.8452023267745972,0.9389249682426452,0.3761550784111023,0.9217707514762878,0.8624697923660278,0.8004540801048279,0.6901915669441223,0.5555887818336487,0.6479716300964355,0.9413454532623292,0.9677643179893494,0.9141113758087158,0.9722769260406494,0.4406019151210785,0.7315940856933594,0.8392830491065979,0.9623312950134276,0.9663687944412231,0.9274847507476808,0.9583355188369752,0.9454548954963684
ONGC,2015,36.0,0.9428587555885316,0.9822935461997986,0.987370491027832,0.9469305872917176,0.9255118370056152,0.906574010848999,0.8625036478042603,0.9317106008529664,0.6647222638130188,0.9372711777687072,0.9428211450576782,0.98008394241333,0.9639076590538024,0.8804144263267517,0.8533517122268677,0.514398455619812,0.9502846002578736,0.8874391317367554,0.9448997378349304,0.8687533736228943,0.9690964221954346,0.9858621954917908,0.9084950089454652,0.8358845710754395,0.9562917947769164,0.9164279103279114,0.6140343546867371,0.8865758776664734,0.9554893374443054,0.9689212441444396,0.9303341507911682,0.9115426540374756,0.8891494274139404,0.8500058054924011,0.6451042294502258,0.5411432385444641,0.67753005027771,0.9671250581741332,0.7573645710945129,0.976475179195404,0.7001418471336365,0.9410080909729004,0.8667976260185242,0.7929180264472961,0.6922914385795593,0.0398123264312744,0.9536513090133668,0.515259325504303,0.9846397638320924,0.8689845204353333,0.7821639180183411,0.9297131896018982,0.9492172598838806,0.9564348459243774,0.7195354700088501,0.5998241305351257,0.7027701139450073,0.9377228617668152,0.9601950645446776,0.7936309576034546,0.9708362817764282,0.9579986929893494,0.708256721496582,0.8614769577980042,0.9282161593437196,0.9708722233772278,0.9545425772666932,0.9487691521644592,0.9514229893684388
ONGC,2017,36.0,0.9345974326133728,0.980577826499939,0.9189002513885498,0.9125142097473145,0.7210781574249268,0.7822986245155334,0.8072009086608887,0.8241597414016724,0.6829527616500854,0.9827357530593872,0.9608489274978638,0.9541170001029968,0.9317686557769777,0.7600612044334412,0.9258937239646912,0.6546674966812134,0.9831814169883728,0.9288672208786012,0.956736385822296,0.981867790222168,0.9804915189743042,0.8502801656723022,0.8016347289085388,0.7005775570869446,0.9805604219436646,0.9774012565612792,0.510470449924469,0.9823681712150574,0.8837470412254333,0.9277998805046082,0.94237619638443,0.712550163269043,0.9153464436531068,0.9209215641021729,0.7960056066513062,0.9495673179626464,0.7846723198890686,0.9647572636604308,0.794639527797699,0.9712002277374268,0.8318925499916077,0.5609606504440308,0.8963471055030823,0.7830296754837036,0.8991624116897583,0.0515606775879859,0.5883621573448181,0.399317979812622,0.9749580025672911,0.886655330657959,0.3763030767440796,0.867939293384552,0.8749977946281433,0.9378814697265624,0.9589321613311768,0.798453152179718,0.322285383939743,0.9829313158988952,0.955430805683136,0.9429909586906432,0.96941739320755,0.8636707067489624,0.7024361491203308,0.9383369088172911,0.9857016801834106,0.9034774899482728,0.9779616594314576,0.9830192923545836,0.981393039226532
ONGC,2018,40.0,0.920499861240387,0.991504967212677,0.9328325986862184,0.9080976843833924,0.9133506417274476,0.6599403619766235,0.7994875311851501,0.834787130355835,0.6870877742767334,0.9634098410606384,0.9609999656677246,0.9595857858657836,0.9413681626319884,0.965832531452179,0.9510355591773988,0.9320099949836732,0.915320634841919,0.8509994745254517,0.947860300540924,0.9797697067260742,0.9698120951652528,0.8337473273277283,0.8610321879386902,0.6713061332702637,0.9746508002281188,0.9772220253944396,0.5848692059516907,0.9366925358772278,0.9673317670822144,0.9645677208900452,0.9747251868247986,0.91135835647583,0.9331921339035034,0.926783561706543,0.6036133766174316,0.9115492105484008,0.6778252124786377,0.96539968252182,0.3334162831306457,0.9863451719284058,0.9275763630867004,0.8948050737380981,0.9056965112686156,0.8491180539131165,0.8376443982124329,0.0829307660460472,0.7808427810668945,0.5269870162010193,0.3836356103420257,0.9180062413215636,0.5952665209770203,0.8896900415420532,0.8098911046981812,0.8880693316459656,0.968231439590454,0.750572144985199,0.8569062352180481,0.9909568428993224,0.9571406245231628,0.9670690298080444,0.9650214314460754,0.9419264793395996,0.7411985397338867,0.8406865000724792,0.9732796549797058,0.7287086248397827,0.9814520478248596,0.9824121594429016,0.9766654372215272
RIL,2014,50.0,0.9752628207206726,0.9884464740753174,0.9840525388717652,0.924412190914154,0.8068074584007263,0.9640708565711976,0.8684824109077454,0.914998173713684,0.675368070602417,0.929656147956848,0.9412155151367188,0.9457165598869324,0.9404364824295044,0.8000561594963074,0.9178215265274048,0.8464264273643494,0.9028582572937012,0.911901831626892,0.9276209473609924,0.68763267993927,0.5491458773612976,0.9684445858001708,0.7937430739402771,0.7311127185821533,0.9792307019233704,0.9661334156990052,0.7374176383018494,0.934078335762024,0.955233097076416,0.8875343203544617,0.6083548665046692,0.9279361963272096,0.9410409927368164,0.8849033117294312,0.8170909881591797,0.96044659614563,0.7794055342674255,0.9834521412849426,0.7318620085716248,0.9963237047195436,0.8760891556739807,0.3775553703308105,0.9955021739006042,0.8651514649391174,0.69205242395401,0.1903340220451355,0.8897548913955688,0.7266684770584106,0.9696718454360962,0.8921223878860474,0.3706038296222687,0.9546363353729248,0.8050345182418823,0.9492326378822328,0.8393339514732361,0.5989552736282349,0.697184145450592,0.8629552721977234,0.9398326873779296,0.9510639905929564,0.9845961928367616,0.7713078856468201,0.6474442481994629,0.9693588018417358,0.98817378282547,0.9441630244255066,0.9582371115684508,0.9862857460975648,0.9808774590492249
RIL,2015,51.0,0.9725367426872252,0.9853929877281188,0.9806334376335144,0.9629755616188048,0.9071914553642272,0.9706286787986756,0.85394686460495,0.9477460980415344,0.8479834794998169,0.9788984656333924,0.9772135019302368,0.9835532903671264,0.97665536403656,0.967626452445984,0.8997034430503845,0.8758215308189392,0.8824802041053772,0.7384019494056702,0.9569356441497804,0.7183383107185364,0.5033705830574036,0.9663483500480652,0.9161161184310912,0.5774298906326294,0.959465742111206,0.9725793600082396,0.4853629171848297,0.8760920763015747,0.9223256707191468,0.9422993659973145,0.8732022643089294,0.9658368825912476,0.91969096660614,0.9623337984085084,0.6251824498176575,0.9309914112091064,0.8313955068588257,0.9830586910247804,0.9257544279098512,0.9961565136909484,0.989051878452301,0.7816466689109802,0.8539464473724365,0.8382155299186707,0.9054865837097168,0.1509489566087722,0.7305651307106018,0.7055779099464417,0.9866440892219543,0.934915006160736,0.2200827598571777,0.8282140493392944,0.84759920835495,0.9694525599479676,0.6677456498146057,0.4910245239734649,0.3122140765190124,0.6718733310699463,0.9373281598091124,0.8577573895454407,0.9712434411048888,0.791225016117096,0.7265218496322632,0.9896427989006042,0.9911662936210632,0.9562104940414428,0.9090669751167296,0.9859824776649476,0.9578842520713806
RIL,2016,52.0,0.971218764781952,0.9812119007110596,0.9753220081329346,0.9707197546958924,0.911149799823761,0.9742364287376404,0.9200754761695862,0.9755415916442872,0.9320411682128906,0.9784558415412904,0.9713881611824036,0.9750189781188964,0.9785167574882508,0.9318509697914124,0.975040316581726,0.795849084854126,0.9063968658447266,0.7065913081169128,0.9734159111976624,0.6171126961708069,0.4074418544769287,0.9051966667175292,0.8748252987861633,0.6610243320465088,0.981842041015625,0.9752342700958252,0.7151303291320801,0.4551631212234497,0.8848075270652771,0.8806418180465698,0.8679111003875732,0.9634093046188354,0.9633647203445436,0.8313689231872559,0.924511730670929,0.7906644940376282,0.8769572377204895,0.9829492568969728,0.9359865188598632,0.993755578994751,0.9817885756492616,0.9657840132713318,0.8161906003952026,0.9954224228858948,0.8893124461174011,0.0737479776144027,0.7365401387214661,0.4702312052249908,0.984466552734375,0.9085680246353148,0.3467955291271209,0.8966128826141357,0.8428715467453003,0.9816871285438538,0.6250484585762024,0.6035636067390442,0.1797565668821334,0.872956395149231,0.931938409805298,0.9754769206047058,0.9768404960632324,0.7846970558166504,0.6393981575965881,0.9688940048217772,0.9920984506607056,0.961718201637268,0.952106237411499,0.992548644542694,0.9831588268280028
RIL,2017,52.0,0.9788967967033386,0.9810572862625122,0.9821537733078004,0.9855389595031738,0.87675940990448,0.9401370882987976,0.8691995143890381,0.9916158318519592,0.9675840139389038,0.9573737978935242,0.984281599521637,0.9675627946853638,0.9774342775344848,0.9834780097007751,0.9490981698036194,0.7622110843658447,0.9652854800224304,0.6214686632156372,0.9717438817024232,0.6057591438293457,0.9848498106002808,0.7648693919181824,0.904913604259491,0.7581440210342407,0.9657706022262572,0.9886587262153624,0.7321364879608154,0.6404784917831421,0.9482332468032836,0.9797960519790648,0.8903865814208984,0.9278141260147096,0.9634723663330078,0.8374873995780945,0.8623634576797485,0.7528052926063538,0.9377760291099548,0.9886519312858582,0.681555986404419,0.9966134428977966,0.9806089997291564,0.5596815347671509,0.9304129481315612,0.9552862048149108,0.7266831398010254,0.2809984385967254,0.6630948781967163,0.6478838920593262,0.9938954710960388,0.9239764213562012,0.272420585155487,0.8664795160293579,0.8781566619873047,0.910580575466156,0.5479918718338013,0.5550045371055603,0.469731718301773,0.9851505160331726,0.95377117395401,0.8766074180603027,0.9855859875679016,0.9867841005325316,0.8246930837631226,0.9930015802383424,0.9922930002212524,0.9831550121307372,0.9582385420799256,0.9834643006324768,0.986449420452118
RIL,2018,53.0,0.9721580743789672,0.9851726293563844,0.9432704448699952,0.8652654886245728,0.9511727094650269,0.9776129126548768,0.8950425982475281,0.9574321508407592,0.8209792971611023,0.977275550365448,0.9310092329978944,0.9657743573188782,0.9711374044418336,0.9894211292266846,0.8571344017982483,0.7453505992889404,0.929919421672821,0.1929935067892074,0.9459535479545592,0.758893609046936,0.9732100367546082,0.9744362831115724,0.90985369682312,0.7444959878921509,0.9749045372009276,0.9869197010993958,0.383466899394989,0.8609341979026794,0.8926429152488708,0.9722825884819032,0.9355443716049194,0.9594137072563172,0.9294561743736268,0.8214188814163208,0.9000794291496277,0.8898215293884277,0.8284235596656799,0.9786251187324524,0.940721333026886,0.9951518774032592,0.9794166684150696,0.7027481198310852,0.8806957602500916,0.7821388840675354,0.8100136518478394,0.0976858735084533,0.660897970199585,0.7334203124046326,0.6121657490730286,0.961888313293457,0.137763425707817,0.8232033848762512,0.8167905211448669,0.7902743220329285,0.8030340075492859,0.6434914469718933,0.5817146897315979,0.9781242609024048,0.9539220333099364,0.9114348888397216,0.990338146686554,0.7835642695426941,0.5748514533042908,0.995062530040741,0.9852871894836426,0.970711350440979,0.9659092426300048,0.9819869995117188,0.9679250717163086
TCS,2014,33.0,0.9279552698135376,0.9511351585388184,0.918911874294281,0.8730270862579346,0.7998547554016113,0.842125654220581,0.9452619552612304,0.9732266068458556,0.8881524801254272,0.9289699792861938,0.9884105920791626,0.9759608507156372,0.960043966770172,0.9475794434547424,0.8815928101539612,0.7966138124465942,0.8613182306289673,0.9258785843849182,0.9373705983161926,0.8381449580192566,0.8308774828910828,0.8526170253753662,0.8561399579048157,0.7417604327201843,0.9818829298019408,0.985540211200714,0.4837903976440429,0.7816286683082581,0.9268032312393188,0.9484302997589112,0.9199034571647644,0.92484450340271,0.980124831199646,0.9105553030967712,0.6117913722991943,0.8986179232597351,0.8226954936981201,0.9524185061454772,0.7308006882667542,0.9830148220062256,0.9124720096588136,0.8447324633598328,0.907620370388031,0.9334232211112976,0.8158888220787048,0.5460442900657654,0.6572384238243103,0.6296197175979614,0.8721954226493835,0.91297847032547,0.6200964450836182,0.866273045539856,0.8361381888389587,0.8970697522163391,0.8265369534492493,0.6315524578094482,0.5379547476768494,0.9386047124862672,0.975342869758606,0.8804633021354675,0.9860529899597168,0.9436123371124268,0.7912983894348145,0.979564905166626,0.9865389466285706,0.975795567035675,0.9484655857086182,0.9847460985183716,0.9572632312774658
TCS,2015,33.0,0.9129796028137208,0.955576241016388,0.9279579520225524,0.9579810500144958,0.8846372365951538,0.6962723135948181,0.8693702816963196,0.8793886303901672,0.7100248336791992,0.9434004426002502,0.9888476133346558,0.9676056504249572,0.9626729488372804,0.9710926413536072,0.9360880255699158,0.7494686841964722,0.944693088531494,0.9163062572479248,0.8677400350570679,0.7871569991111755,0.9600511193275452,0.9272350072860718,0.9008888006210328,0.8327128887176514,0.9796827435493468,0.9793795347213744,0.4717564880847931,0.5727574825286865,0.8527693152427673,0.8864044547080994,0.9587286114692688,0.9363349676132202,0.9746360778808594,0.9204663038253784,0.8769276142120361,0.8951947689056396,0.7917845845222473,0.9750186204910278,0.4915678799152374,0.9946251511573792,0.9664826989173888,0.8847889304161072,0.9638968110084534,0.8066545724868774,0.6692083477973938,0.2330762296915054,0.5426939725875854,0.4489885866641998,0.9837214350700378,0.9547985792160034,0.3670561015605926,0.8654698729515076,0.8880675435066223,0.9635863304138184,0.8294748663902283,0.6085153222084045,0.7035377025604248,0.8797082901000977,0.9500508308410645,0.9167003035545348,0.9639214277267456,0.9510003924369812,0.6786527633666992,0.9844161868095398,0.9831495881080629,0.9106028079986572,0.9552358388900756,0.9877583384513856,0.9735406041145324
TCS,2016,33.0,0.9285553693771362,0.9828197956085204,0.9707829356193542,0.6961284279823303,0.6407883167266846,0.741195797920227,0.9316062927246094,0.9110756516456604,0.9549306035041808,0.979604959487915,0.9880542159080504,0.8980521559715271,0.9207741618156432,0.9660603404045104,0.9009077548980712,0.8297017812728882,0.9496280550956726,0.9057084321975708,0.93923157453537,0.9120841026306152,0.966791033744812,0.9436308145523072,0.927866280078888,0.8337783217430115,0.9826385974884032,0.9716252088546752,0.6440704464912415,0.443440169095993,0.916640281677246,0.9244385957717896,0.9741103649139404,0.9345061779022216,0.9489185810089112,0.8908533453941345,0.7260074615478516,0.870818555355072,0.4735692143440246,0.9837003350257874,0.827837347984314,0.9949119687080384,0.9050658345222472,0.9267085790634156,0.9464707374572754,0.8411519527435303,0.9484958052635192,0.1746730208396911,0.6779701709747314,0.45545694231987,0.761759340763092,0.9484941959381104,0.8267292380332947,0.9471672773361206,0.6836407780647278,0.9097590446472168,0.6800138354301453,0.5464467406272888,0.5042857527732849,0.9261394143104552,0.900987982749939,0.955929696559906,0.9462343454360962,0.9727871417999268,0.7535637021064758,0.9898111820220948,0.9882397651672364,0.9546313285827636,0.9663864970207214,0.989273726940155,0.9665865302085876
TCS,2017,34.0,0.8264208436012268,0.9901698231697084,0.9295977354049684,0.9478437900543212,0.73700350522995,0.8335690498352051,0.8997064232826233,0.8903598189353943,0.6239547729492188,0.9354193806648254,0.986756443977356,0.9696797132492064,0.9786480665206908,0.8628571033477783,0.9554983973503112,0.5938097834587097,0.9565585255622864,0.4755578935146332,0.982289969921112,0.8055158257484436,0.8942901492118835,0.9026116132736206,0.8633374571800232,0.7835577726364136,0.7849338054656982,0.5621107220649719,0.5510596632957458,0.9473374485969543,0.9293037056922911,0.960580587387085,0.9662840962409972,0.8961256742477417,0.941728949546814,0.9571848511695862,0.690233051776886,0.925648272037506,0.6070575714111328,0.9872372150421144,0.6846208572387695,0.9961418509483336,0.879679799079895,0.8069928884506226,0.8056795597076416,0.905839204788208,0.8672476410865784,0.1109436899423599,0.9642586708068848,0.8560421466827393,0.834320068359375,0.9776875376701356,0.214023470878601,0.9175489544868468,0.8263258337974548,0.9316797852516174,0.6608233451843262,0.7288721203804016,0.5230270028114319,0.6207498908042908,0.9130059480667114,0.9259787201881408,0.9837603569030762,0.9414981007575988,0.8025296330451965,0.9678521752357484,0.9911133646965028,0.9755350351333618,0.9774632453918456,0.955571949481964,0.960521161556244
TCS,2018,40.0,0.9752804040908812,0.9836015105247498,0.9344933032989502,0.7205262780189514,0.781810462474823,0.9416899681091307,0.8955175876617432,0.8474057912826538,0.3175706267356872,0.8960691690444946,0.9844177961349488,0.9655330181121826,0.9474936723709106,0.9231010675430298,0.9422566890716552,0.4938373267650604,0.7437506914138794,0.8084450960159302,0.9647840261459352,0.7613744735717773,0.9510141611099244,0.8339745402336121,0.8708382248878479,0.6315858960151672,0.8276751041412354,0.9041986465454102,0.514153003692627,0.5150654911994934,0.8666808009147644,0.9335994720458984,0.893733561038971,0.9328420162200928,0.9481733441352844,0.923593282699585,0.8438954949378967,0.9871580004692078,0.6248677968978882,0.9833579659461976,0.7217491865158081,0.9964970946311952,0.928777515888214,0.7551686763763428,0.9086050391197203,0.8267603516578674,0.9719440340995787,0.1165129691362381,0.5629403591156006,0.6795587539672852,0.7056282162666321,0.9945316314697266,0.129758208990097,0.9027403593063354,0.8170946836471558,0.9710431694984436,0.1812378466129303,0.755196750164032,0.4024967849254608,0.980834424495697,0.962092101573944,0.878414511680603,0.9679816365242004,0.8906018137931824,0.9265544414520264,0.9311985373497008,0.9834174513816832,0.9177276492118835,0.9838587641716005,0.9743665456771852,0.934692084789276
Tata Motors,2014,47.9964,0.9678859114646912,0.9732932448387146,0.9912761449813844,0.9020900130271912,0.9523969888687134,0.7446135878562927,0.9657246470451356,0.9641308188438416,0.9590510725975036,0.9876630902290344,0.987299382686615,0.9422447681427002,0.9334781169891356,0.9622758626937866,0.9281246662139891,0.7270401120185852,0.9432964324951172,0.9677441120147704,0.8983505368232727,0.7100773453712463,0.926118552684784,0.948737621307373,0.8235175013542175,0.8065221905708313,0.985113263130188,0.9829278588294984,0.4518987238407135,0.9282376766204834,0.9504802823066713,0.934695839881897,0.9851055145263672,0.9493656158447266,0.9547868967056274,0.4613257944583893,0.441485047340393,0.9438992142677308,0.8770426511764526,0.922458291053772,0.8737125992774963,0.9936203360557556,0.9693008661270142,0.8036435842514038,0.9353732466697692,0.9505682587623596,0.9799806475639344,0.4401003420352936,0.8729984164237976,0.4096728861331939,0.943674623966217,0.9177066683769226,0.1823326200246811,0.9256847500801086,0.8683539032936096,0.9908148646354676,0.9795655012130736,0.9836592674255372,0.9044089317321776,0.9851322770118712,0.9712702035903932,0.9318435192108154,0.9472532868385316,0.9425116181373596,0.7299430966377258,0.9616597294807434,0.9867410063743592,0.9872279167175292,0.9833955764770508,0.965794801712036,0.98104327917099
Tata Motors,2015,49.9974,0.9653421640396118,0.982971727848053,0.9835307002067566,0.9808322191238404,0.9192997217178344,0.6590917110443115,0.8380587100982666,0.8791258931159973,0.9233134984970092,0.9137265086174012,0.9795178174972534,0.9683037400245668,0.981571614742279,0.8732181787490845,0.9239946007728576,0.85971999168396,0.9811024069786072,0.9491485357284546,0.8979778289794922,0.5899696350097656,0.9495834708213806,0.8464658856391907,0.6536617279052734,0.865534782409668,0.988343060016632,0.9873721599578856,0.407153844833374,0.9782012701034546,0.9562097191810608,0.8387691974639893,0.984263002872467,0.950554132461548,0.9829931259155272,0.9283422231674194,0.5781934261322021,0.8492383360862732,0.9506752490997314,0.8867278695106506,0.4450820684432983,0.9966417551040648,0.9752928614616394,0.842174232006073,0.7932014465332031,0.8768943548202515,0.8122022747993469,0.1622534096240997,0.9957178235054016,0.7323691248893738,0.9805169701576232,0.9135764837265016,0.1141398698091507,0.8153800368309021,0.809651255607605,0.8520219922065735,0.9783560633659364,0.949959635734558,0.7170588374137878,0.982508659362793,0.9449070692062378,0.928068995475769,0.9927682876586914,0.967971920967102,0.9010466933250428,0.989267349243164,0.9859173893928528,0.9498676657676696,0.9810801148414612,0.9511295557022096,0.9797114729881288
Tata Motors,2016,50.9979,0.9799911975860596,0.9909909963607788,0.9881133437156676,0.7483110427856445,0.9006463885307312,0.8635958433151245,0.9579188227653505,0.9675142765045166,0.8272340893745422,0.9579005241394044,0.9805363416671752,0.9764760732650756,0.9857771992683412,0.959620714187622,0.9566783308982848,0.9120070338249208,0.98491770029068,0.9056848287582396,0.877947986125946,0.6130867004394531,0.657893180847168,0.7745717167854309,0.6561796069145203,0.5495220422744751,0.9860308170318604,0.9846628904342652,0.6534126996994019,0.9750322699546814,0.9632291793823242,0.9782512187957764,0.9920843839645386,0.9778898358345032,0.9701547622680664,0.91631817817688,0.6386386156082153,0.9076509475708008,0.8457867503166199,0.959111511707306,0.1310620009899139,0.9962766766548156,0.9617169499397278,0.8311643004417419,0.9430068731307985,0.9569295644760132,0.8486441969871521,0.2016123235225677,0.8434491753578186,0.882133424282074,0.9893501400947572,0.9040095806121826,0.2444002330303192,0.9229748249053956,0.8641063570976257,0.9925285577774048,0.8393539786338806,0.554275393486023,0.7400859594345093,0.982163906097412,0.9701718091964722,0.9422617554664612,0.9884834885597228,0.891994297504425,0.8761681914329529,0.9929839372634888,0.9895341992378236,0.9466806054115297,0.9781163930892944,0.9752726554870604,0.9737470746040344
Tata Motors,2017,51.9984,0.9431477785110474,0.9906328916549684,0.9907724857330322,0.9601794481277466,0.9007344245910645,0.888987123966217,0.920962691307068,0.9130910634994508,0.9141671657562256,0.8998697400093079,0.981575608253479,0.9600249528884888,0.9773789644241332,0.7585607171058655,0.9705246090888976,0.9817948341369628,0.9457319974899292,0.8900500535964966,0.9629277586936952,0.9127543568611144,0.980175793170929,0.9080116152763368,0.7863190174102783,0.8146379590034485,0.9808768630027772,0.2858565747737884,0.7189899682998657,0.9539321064949036,0.9736976623535156,0.975257396697998,0.9873121976852416,0.969067633152008,0.9824771285057068,0.959983766078949,0.9072883129119872,0.9838250875473022,0.952528715133667,0.9841618537902832,0.3324394822120666,0.9967215657234192,0.9588390588760376,0.7255463004112244,0.7745127081871033,0.9252392649650574,0.783248782157898,0.1913629472255706,0.96387380361557,0.4949321448802948,0.790897011756897,0.9670690894126892,0.7746077179908752,0.8788272142410278,0.8827650547027588,0.9090051054954528,0.9793267250061036,0.6047874093055725,0.9034054279327391,0.9887810945510864,0.9391276240348816,0.8525364398956299,0.984428882598877,0.9352877736091614,0.7243818044662476,0.9438228607177734,0.966764509677887,0.8027772307395935,0.9844226241111756,0.9598737955093384,0.9543502330780028
Tata Motors,2018,52.0,0.9676483273506165,0.9892436265945436,0.944274604320526,0.9659312963485718,0.8974063396453857,0.6853470802307129,0.8434704542160034,0.96907639503479,0.7603670358657837,0.9305111169815063,0.9759019017219543,0.9834433794021606,0.9790039658546448,0.9220675230026244,0.9678930640220642,0.8166642189025879,0.9508365392684937,0.9000890851020813,0.9184017181396484,0.828117847442627,0.9597275257110596,0.6623348593711853,0.760726273059845,0.6007243990898132,0.9256858825683594,0.5126471519470215,0.3897454440593719,0.9573716521263124,0.8994559645652771,0.988311231136322,0.7871661186218262,0.9541513919830322,0.9398651123046876,0.9525071978569032,0.843404233455658,0.9532619714736938,0.9211612343788148,0.984243631362915,0.3548605740070343,0.9950615763664246,0.96772700548172,0.6944618821144104,0.8506264686584473,0.921209454536438,0.7185701727867126,0.0755500793457031,0.9930881857872008,0.5505358576774597,0.9672362804412842,0.9569703936576844,0.3774077594280243,0.9254397749900818,0.911820948123932,0.8109767436981201,0.9698771238327026,0.595625102519989,0.636189341545105,0.9908803701400756,0.9832524061203004,0.9273143410682678,0.9599656462669371,0.9061130285263062,0.8911813497543335,0.92289400100708,0.9855380058288574,0.848107099533081,0.9813589453697203,0.960454761981964,0.981860876083374
Wipro,2014,34.0,0.9321991801261902,0.98378986120224,0.9829960465431212,0.8885900974273682,0.6921414732933044,0.7614026665687561,0.954440176486969,0.7606435418128967,0.2388959527015686,0.9698431491851808,0.9781920313835144,0.8018667697906494,0.8936709761619568,0.960629403591156,0.8757327198982239,0.8946994543075562,0.6812740564346313,0.9693830013275146,0.9541127681732178,0.5658109784126282,0.9752582907676696,0.7003267407417297,0.9380913376808168,0.5809245705604553,0.9867526292800904,0.978019952774048,0.4646888077259063,0.4025906920433044,0.947995126247406,0.3668823838233948,0.9572298526763916,0.9561857581138612,0.9185014963150024,0.7480677366256714,0.9185928106307985,0.9723385572433472,0.3545633852481842,0.8077029585838318,0.1631466299295425,0.9936944842338562,0.9172964096069336,0.4441729784011841,0.5881266593933105,0.8644368052482605,0.4029891192913055,0.432063490152359,0.9855766892433168,0.5804985165596008,0.7704680562019348,0.9057290554046632,0.6217529773712158,0.9226606488227844,0.8324586153030396,0.9557905793190002,0.2611429095268249,0.3158270120620727,0.2955978810787201,0.9861374497413636,0.9499734044075012,0.8511607646942139,0.9693836569786072,0.980759859085083,0.5274013876914978,0.9589064121246338,0.9882156848907472,0.98459655046463,0.9705974459648132,0.9871806502342224,0.977967381477356
Wipro,2015,35.0,0.9701508283615112,0.9492198824882508,0.9456924796104432,0.8900581002235413,0.9172654151916504,0.7518424987792969,0.9036343097686768,0.8354219794273376,0.8991271257400513,0.8732832074165344,0.8852031230926514,0.9591695070266724,0.9537013173103333,0.9403958320617676,0.9149764180183412,0.8420107364654541,0.92017924785614,0.8887413144111633,0.9629566073417664,0.9763901233673096,0.7542955279350281,0.9364755749702454,0.9488968849182128,0.6989088654518127,0.9002525210380554,0.9882479310035706,0.3973079621791839,0.2005345076322555,0.9685587882995604,0.9734989404678344,0.959688663482666,0.94117933511734,0.9778910875320436,0.8124212026596069,0.7568351626396179,0.9586771130561828,0.7131928205490112,0.9185022115707396,0.9523317813873292,0.9941892623901368,0.929837703704834,0.5382660031318665,0.9244715571403505,0.8761863112449646,0.8541437983512878,0.6679714322090149,0.9927355051040648,0.6009497046470642,0.95793479681015,0.9193737506866456,0.497282326221466,0.9447511434555054,0.9123285412788392,0.9710034132003784,0.7819715738296509,0.5859606266021729,0.1257325857877731,0.985463798046112,0.9464644193649292,0.8492595553398132,0.9810304641723632,0.9228713512420654,0.9764214754104614,0.9597015380859376,0.9908409118652344,0.9415010809898376,0.9859327673912048,0.9881654977798462,0.9781860709190368
Wipro,2016,41.0,0.9589128494262696,0.979161500930786,0.9765245914459229,0.8771732449531555,0.8545295596122742,0.8977788090705872,0.9651517868041992,0.9690859913825988,0.5673348307609558,0.9777307510375975,0.9665455222129822,0.9599367380142212,0.9697303771972656,0.9285591244697572,0.9302610754966736,0.6866112351417542,0.9432104229927064,0.9834367036819458,0.9502020478248596,0.968377947807312,0.9203525185585022,0.7604398131370544,0.9193865656852722,0.483401745557785,0.9862079620361328,0.9817898869514464,0.4161076843738556,0.855768620967865,0.9287566542625428,0.9637386798858644,0.9215601086616516,0.9518207907676696,0.9813878536224364,0.9066551923751832,0.7936509251594543,0.7723393440246582,0.5936899781227112,0.9786195158958436,0.8912793397903442,0.9971699118614196,0.8794382810592651,0.4656084179878235,0.8403921723365784,0.9122334718704224,0.7274620532989502,0.4107135236263275,0.9963531494140624,0.8890200853347778,0.9607927203178406,0.928362250328064,0.6822354793548584,0.9178354740142822,0.8662387728691101,0.911608636379242,0.4213308095932007,0.6203188300132751,0.2983646988868713,0.9885358214378356,0.9342263340950012,0.8849023580551147,0.978712558746338,0.9006674885749817,0.9883931279182434,0.9593499898910522,0.9921877384185792,0.970410168170929,0.9897580146789552,0.988189935684204,0.9629674553871156
Wipro,2017,41.0,0.9725868105888368,0.9930518865585328,0.9468634724617004,0.7377938032150269,0.8227335214614868,0.9326289892196656,0.9040840268135072,0.9594467282295228,0.5815749168395996,0.9573025703430176,0.9844792485237122,0.8598366975784302,0.8670658469200134,0.8788655996322632,0.9615557193756104,0.5349892377853394,0.8178195357322693,0.9852863550186156,0.9293828010559082,0.8294385671615601,0.9620123505592346,0.9761571288108826,0.968770146369934,0.7514770030975342,0.962578296661377,0.979736328125,0.5132632255554199,0.8957051038742065,0.8381538391113281,0.9600900411605836,0.9833548665046692,0.8948625326156616,0.9695583581924438,0.9184207320213318,0.9557618498802184,0.9605758190155028,0.4724878072738647,0.9542468786239624,0.9253979325294496,0.967976450920105,0.8585013151168823,0.1982051432132721,0.8954984545707703,0.820265531539917,0.8729626536369324,0.0328162983059883,0.9874011874198914,0.4902518391609192,0.9378082752227784,0.8843445181846619,0.4053140878677368,0.907175838947296,0.7901033163070679,0.912213146686554,0.399394541978836,0.6196612119674683,0.3417114317417145,0.992699921131134,0.9531089067459106,0.7976349592208862,0.9437922835350036,0.8990561962127686,0.9720283150672911,0.8836237788200378,0.988309383392334,0.9444493055343628,0.9717599749565125,0.9867847561836244,0.9518441557884216
Wipro,2018,39.0,0.9597597122192384,0.9711211919784546,0.9901105761528016,0.7416113018989563,0.7920111417770386,0.8988973498344421,0.9379892945289612,0.9728929400444032,0.9316141605377196,0.9764384627342224,0.9453184008598328,0.9322947263717652,0.9644874930381776,0.9583467841148376,0.9523898363113404,0.8305565714836121,0.8794472813606262,0.9447968006134032,0.9309168457984924,0.797453761100769,0.96266371011734,0.8627946376800537,0.9521440267562866,0.8593632578849792,0.9883710741996764,0.9816374182701112,0.5190408825874329,0.3008293509483337,0.9191471934318542,0.894923746585846,0.9481513500213624,0.930197536945343,0.9669559597969056,0.7742252349853516,0.9448767304420472,0.9574917554855348,0.8918044567108154,0.9477256536483764,0.9894228577613832,0.994786500930786,0.8512551784515381,0.2800093591213226,0.8977253437042236,0.8949558138847351,0.8235434889793396,0.0332364179193973,0.9958815574645996,0.4877080619335174,0.737143874168396,0.8810297250747681,0.1810533851385116,0.9439550042152404,0.9127886295318604,0.917155146598816,0.3503169119358063,0.4282587468624115,0.2023357450962066,0.9894221425056458,0.9472920894622804,0.882895827293396,0.980859875679016,0.8221909403800964,0.9651156067848206,0.9565223455429076,0.9892097115516664,0.9775561690330504,0.9817873239517212,0.9852317571640016,0.978056788444519
