company,year,score_q1,score_q2,score_q3,score_q4,score_q5,score_q6,score_q7,score_q8,score_q9,score_q10,score_q11,score_q12,score_q13,score_q14,score_q15,score_q16,score_q17,score_q18,score_q19,score_q20,score_q21,score_q22,score_q23,score_q24,score_q25,score_q26,score_q27,score_q28,score_q29,score_q30,score_q31,score_q32,score_q33,score_q34,score_q35,score_q36,score_q37,score_q38,score_q39,score_q40,score_q41,score_q42,score_q43,score_q44,score_q45,score_q46,score_q47,score_q48,score_q49,score_q50,score_q51,score_q52,score_q53,score_q54,score_q55,score_q56,score_q57,score_q58,score_q59,score_q60,score_q61,score_q62,score_q63,score_q64,score_q65,score_q66,score_q67,score_q68,score_q69,vdi_score_scaled,vdi_score_unscaled
Bharti Airtel,2015,0.9837597012519836,0.9847691655158995,0.9919862747192384,0.988637149333954,0.9037931561470032,0.9581319093704224,0.9654918909072876,0.989417314529419,0.953553020954132,0.982289969921112,0.9711609482765198,0.9912463426589966,0.9890698194503784,0.9693346619606018,0.9830961227416992,0.9396829009056092,0.9781978726387024,0.962101936340332,0.9779102802276612,0.9443318247795104,0.9289790987968444,0.9238235354423524,0.8581756353378296,0.8517799377441406,0.9922386407852172,0.9250685572624208,0.8908237218856812,0.9716082215309144,0.987111270427704,0.9838645458221436,0.930385172367096,0.9270616769790648,0.9625870585441588,0.9295075535774232,0.9696356058120728,0.9650164246559144,0.9597647190093994,0.986193597316742,0.6191190481185913,0.974635362625122,0.9701594710350036,0.738929271697998,0.953648805618286,0.962311029434204,0.6976762413978577,0.6920459270477295,0.9961260557174684,0.9198312759399414,0.9909411072731018,0.9398144483566284,0.7992086410522461,0.9137691259384156,0.9585995078086852,0.980099618434906,0.76130211353302,0.7836591005325317,0.7761058807373047,0.9773166179656982,0.9835839867591858,0.9706626534461976,0.98403799533844,0.9673824906349182,0.9614904522895812,0.9659799933433532,0.9451795816421508,0.955026149749756,0.972629725933075,0.987550973892212,0.9589111804962158,59.42028986,41.0
Bharti Airtel,2016,0.982844889163971,0.986720860004425,0.9911579489707948,0.9927425980567932,0.8820452690124512,0.9536977410316468,0.9824983477592468,0.9883453249931335,0.9646984934806824,0.9823295474052428,0.9565829634666444,0.9893388152122498,0.9783774614334106,0.9709060788154602,0.9881077408790588,0.9337559938430786,0.9483624696731568,0.9693395495414734,0.9748513102531432,0.9834132790565492,0.9328117370605468,0.9510449171066284,0.9537809491157532,0.985938549041748,0.989175260066986,0.9721970558166504,0.9353686571121216,0.8661264181137085,0.9874794483184814,0.9714981317520142,0.9506614208221436,0.9792662262916564,0.978236973285675,0.8867055177688599,0.9717440009117126,0.969720721244812,0.9679107666015624,0.9828757047653198,0.6136267781257629,0.972778022289276,0.9583831429481506,0.9057814478874208,0.9433112740516664,0.975977063179016,0.7940794825553894,0.7772466540336609,0.994716465473175,0.820883572101593,0.8930680155754089,0.915090262889862,0.6604788303375244,0.8997328877449036,0.9686381220817566,0.9869229197502136,0.8656567335128784,0.8981558680534363,0.8764598369598389,0.9886044859886168,0.9842783212661744,0.9480761885643004,0.9752836227416992,0.9614893794059752,0.8357097506523132,0.9739221930503844,0.9775353074073792,0.9221243262290956,0.9627284407615662,0.9869686961174012,0.9616726636886596,56.52173913,39.0
Bharti Airtel,2017,0.9808593392372132,0.9876464009284972,0.9936146140098572,0.991887092590332,0.8641161918640137,0.9560856819152832,0.976990818977356,0.9902573227882384,0.9688602089881896,0.9896438717842102,0.9710645079612732,0.985268235206604,0.9836283326148988,0.9536169171333312,0.9901114702224731,0.9510125517845154,0.9485856890678406,0.9623785018920898,0.9604093432426452,0.9369125962257384,0.9241078495979308,0.9283740520477296,0.911949872970581,0.9126539826393129,0.98748517036438,0.8094733953475952,0.8862230181694031,0.9771438837051392,0.9897658824920654,0.9888869524002076,0.9403804540634156,0.9758671522140504,0.9694177508354188,0.9687064290046692,0.9785403609275818,0.9716334939002992,0.9792138934135436,0.9811540842056274,0.5414185523986816,0.9562060236930848,0.9410674571990968,0.7235828042030334,0.9731409549713136,0.9760953187942504,0.7012926340103149,0.4569096565246582,0.9960494041442872,0.9628870487213136,0.9930431246757508,0.9692299365997314,0.5234726071357727,0.9625243544578552,0.9673396348953248,0.9861347675323486,0.9054816961288452,0.9368748068809508,0.8134217262268066,0.986694037914276,0.9713822603225708,0.971767246723175,0.9913782477378844,0.9826271533966064,0.9413710832595824,0.9793819785118104,0.9503978490829468,0.9671618342399596,0.9771361351013184,0.9906705617904664,0.9600726366043092,57.97101449,40.0
Bharti Airtel,2018,0.9803767204284668,0.9900454878807068,0.9908713698387146,0.9925137758255004,0.8924705982208252,0.9439353346824646,0.9759417772293092,0.9787853956222534,0.9903799295425416,0.9783869981765748,0.985126256942749,0.984790563583374,0.9841277599334716,0.9694030284881592,0.9873407483100892,0.9458470344543456,0.9650779962539672,0.9806626439094543,0.9798957705497742,0.9535328149795532,0.9602086544036864,0.908970594406128,0.9503486156463624,0.8862859010696411,0.9869746565818788,0.8811302781105042,0.8754183053970337,0.9857503175735474,0.9939839839935304,0.9684613943099976,0.9708440899848938,0.9719433188438416,0.9652605652809144,0.9462746977806092,0.9820284247398376,0.9804783463478088,0.975066304206848,0.9744303226470948,0.8317506909370422,0.9897594451904296,0.9626270532608032,0.7774107456207275,0.9784387350082396,0.9634867906570436,0.8092734217643738,0.9192090630531312,0.995971381664276,0.942574143409729,0.9251247644424438,0.8668098449707031,0.1720938682556152,0.9488027691841124,0.9306882619857788,0.960356831550598,0.9277530908584596,0.9720599055290222,0.8103564977645874,0.9887111783027648,0.9755438566207886,0.9581859111785888,0.9731821417808532,0.9674678444862366,0.835373044013977,0.9231885075569152,0.9620795845985411,0.8881441950798035,0.9866756200790404,0.97514671087265,0.981763482093811,62.31884058,43.0
Coal India,2014,0.9814408421516418,0.9877182245254515,0.9894338250160216,0.9901212453842164,0.8773040771484375,0.982552707195282,0.9598255753517152,0.9801912307739258,0.8998978734016418,0.9741060137748718,0.9424842000007628,0.9736224412918092,0.9614250659942628,0.9529179334640504,0.9841774702072144,0.9715034365653992,0.9517319798469543,0.8838886022567749,0.9583497643470764,0.9603032469749452,0.8466644883155823,0.8605372309684753,0.8675960898399353,0.8817696571350098,0.9852819442749025,0.8314304351806641,0.9179006814956664,0.911632776260376,0.9459298253059388,0.9655139446258544,0.8601970672607422,0.94770348072052,0.9792706966400146,0.972874104976654,0.9619220495224,0.9462804794311525,0.8643704652786255,0.9538095593452454,0.7612669467926025,0.9953194260597228,0.961992621421814,0.8386136889457703,0.968859851360321,0.9768304824829102,0.8302538394927979,0.898370087146759,0.9683400392532348,0.69288569688797,0.8326354026794434,0.9547165036201476,0.3150413632392883,0.9084394574165344,0.9297815561294556,0.9765986800193788,0.8252120018005371,0.8872074484825134,0.7418060898780823,0.9574205875396729,0.9840938448905944,0.9802904725074768,0.9847530722618104,0.9875338673591614,0.7801382541656494,0.9197309017181396,0.9508006572723388,0.9306238889694214,0.9807830452919006,0.930330455303192,0.9750354886054992,57.97101449,40.0
Coal India,2015,0.9805569052696228,0.9840315580368042,0.9907443523406982,0.9845525026321412,0.9079111218452454,0.969815731048584,0.9373798370361328,0.9708329439163208,0.906155288219452,0.9680516123771667,0.9711949229240416,0.9658093452453612,0.973699986934662,0.9638599753379822,0.9831002354621888,0.9709789752960204,0.9468189477920532,0.9560834169387816,0.9585971832275392,0.9689180254936218,0.9043327569961548,0.9231882691383362,0.9260988235473632,0.830040454864502,0.9869480729103088,0.9511258006095886,0.9308333992958068,0.7658101916313171,0.9548560380935668,0.9569258689880372,0.9505928158760072,0.9426092505455016,0.972976565361023,0.8947004675865173,0.94760000705719,0.965094268321991,0.8609151244163513,0.9268842339515686,0.776664137840271,0.99494469165802,0.9425398707389832,0.883189857006073,0.9808939695358276,0.969104826450348,0.7473263740539551,0.6300700902938843,0.993553102016449,0.7736127376556396,0.9872740507125854,0.8853406310081482,0.534415602684021,0.9619828462600708,0.9468958973884584,0.9923323392868042,0.8759592771530151,0.8363655805587769,0.8453893661499023,0.9190232157707214,0.9810997247695924,0.9496455192565918,0.983635425567627,0.9370453357696532,0.837071418762207,0.987736999988556,0.9789108037948608,0.8636888265609741,0.974502444267273,0.9403036236763,0.952997088432312,60.86956522,42.0
Coal India,2016,0.979624330997467,0.988797128200531,0.990593671798706,0.987335205078125,0.8977230787277222,0.983561635017395,0.9563366174697876,0.9610897302627563,0.9578902125358582,0.9831814169883728,0.9725412726402284,0.9651340842247008,0.9525190591812134,0.9604761004447936,0.9858664274215698,0.961208999156952,0.9575690627098083,0.8982332348823547,0.98643559217453,0.9836199283599854,0.864336371421814,0.8099848031997681,0.9113684296607972,0.7511875033378601,0.9678848385810852,0.9411132335662842,0.9033870100975036,0.7288860082626343,0.9485121369361876,0.9713659882545472,0.916253387928009,0.9684537649154664,0.981837511062622,0.9677649140357972,0.946247398853302,0.9518007040023804,0.7913128733634949,0.9200176000595092,0.8774615526199341,0.992440700531006,0.9709604382514954,0.8045957088470459,0.981395184993744,0.9493050575256348,0.8012980222702026,0.7296916842460632,0.9906643033027648,0.7741482257843018,0.9854723811149596,0.9381796717643738,0.6432849168777466,0.8447286486625671,0.9461148381233216,0.9717394113540648,0.8081832528114319,0.7323597073554993,0.8137309551239014,0.9333258867263794,0.984014093875885,0.9456321597099304,0.9854576587677002,0.9576149582862854,0.8203837871551514,0.9907333850860596,0.98722505569458,0.8079546689987183,0.9623973965644836,0.9578699469566344,0.9764567017555236,62.31884058,43.0
Coal India,2017,0.9883713722229004,0.9870217442512512,0.9944477677345276,0.9898311495780944,0.8885518908500671,0.979080319404602,0.9361813068389891,0.9665009379386902,0.9771235585212708,0.9514137506484984,0.9630733132362366,0.9639766216278076,0.9692871570587158,0.9588668346405028,0.9808201789855956,0.9665003418922424,0.9603297114372252,0.9271801710128784,0.9819966554641724,0.9846076369285583,0.9773788452148438,0.9210699200630188,0.9149577617645264,0.8927556872367859,0.9921445250511168,0.9774919152259828,0.9033579230308532,0.8370329141616821,0.9751294255256652,0.9622600674629213,0.9475943446159364,0.9407317042350768,0.9734914898872375,0.8733105063438416,0.9621865749359132,0.9271758198738098,0.9596214890480042,0.941377580165863,0.928580105304718,0.9932271838188172,0.9583138823509216,0.8601936101913452,0.9694742560386658,0.9636397361755372,0.8486887216567993,0.6009201407432556,0.9919622540473938,0.9190693497657776,0.9906498789787292,0.975171446800232,0.3926095962524414,0.915618360042572,0.9355447888374328,0.9903230667114258,0.9666538238525392,0.8827650547027588,0.932883322238922,0.975398600101471,0.9835414886474608,0.967357099056244,0.9809667468070984,0.977353572845459,0.8988515138626099,0.9418037533760072,0.9737660884857178,0.8711109757423401,0.9775865077972412,0.9788304567337036,0.9307465553283693,63.76811594,44.0
Coal India,2018,0.9707096815109252,0.9936729073524476,0.9930518865585328,0.9899691939353944,0.8992464542388916,0.9858469367027284,0.947965145111084,0.978221356868744,0.9469730257987976,0.9836760759353638,0.972210705280304,0.9771231412887572,0.9698306322097778,0.9599764347076416,0.982766568660736,0.9485533237457277,0.9639209508895874,0.9690330028533936,0.973840057849884,0.9799924492836,0.9535658359527588,0.880132257938385,0.929768979549408,0.8928914666175842,0.9874897599220276,0.9911898374557496,0.9208074808120728,0.9235158562660216,0.9843374490737916,0.980623424053192,0.9782642126083374,0.9804930686950684,0.973709523677826,0.9460741877555848,0.9844277501106262,0.9659634232521056,0.7962048053741455,0.9550835490226746,0.9038875102996826,0.9946925044059752,0.9710587859153748,0.923754096031189,0.9838628768920898,0.9712600708007812,0.8811055421829224,0.6059831976890564,0.9682026505470276,0.838074266910553,0.9831394553184508,0.8995630741119385,0.5865952968597412,0.8848088383674622,0.9638420343399048,0.9780189990997314,0.9616978764533995,0.9359014630317688,0.9300850033760072,0.9703034162521362,0.9895905256271362,0.9896042346954346,0.984488606452942,0.96775883436203,0.893744707107544,0.9582815170288086,0.9827924370765686,0.8020433187484741,0.9529338479042052,0.9818598628044128,0.9847822785377502,60.86956522,42.0
HUL,2014,0.9822949767112732,0.98163104057312,0.9942505359649658,0.9877131581306458,0.962710976600647,0.9649144411087036,0.9459137320518494,0.974138617515564,0.9761857986450196,0.9732524156570436,0.9533941149711608,0.985487163066864,0.9857226610183716,0.956440567970276,0.9876383543014526,0.9080487489700316,0.8264094591140747,0.965306282043457,0.9803239703178406,0.8359041213989258,0.7680341601371765,0.8665796518325806,0.8605982661247253,0.8232395648956299,0.9838885068893432,0.977154016494751,0.8183660507202148,0.649624764919281,0.9863790273666382,0.9647199511528016,0.8638430833816528,0.9455509781837464,0.9339119791984558,0.9161213636398317,0.96109938621521,0.9318905472755432,0.9825006723403932,0.9705652594566344,0.9532504081726074,0.9949616193771362,0.9769452810287476,0.7179042100906372,0.9433860182762146,0.9908747673034668,0.8743164539337158,0.5883111357688904,0.9951671957969666,0.8094488978385925,0.939372420310974,0.922966718673706,0.7841947078704834,0.900985300540924,0.9732900261878968,0.9870479702949524,0.8905618786811829,0.9558941125869752,0.911200225353241,0.923430323600769,0.9897888898849488,0.992835521697998,0.974811315536499,0.9824953079223632,0.7523276805877686,0.9526975750923156,0.9899850487709044,0.9455596804618835,0.9556004405021667,0.9845023155212402,0.9782887697219848,60.86956522,42.0
HUL,2015,0.9796135425567628,0.9850257039070128,0.9921280741691588,0.991958498954773,0.9389735460281372,0.9659721851348876,0.9392470717430116,0.9893774390220642,0.9603584408760072,0.9821460843086244,0.9790595173835754,0.9789229035377502,0.9696146845817566,0.9515461325645448,0.993882417678833,0.9537451267242432,0.955888032913208,0.8286981582641602,0.9527292847633362,0.8338186144828796,0.8473770618438721,0.9675636291503906,0.7938016653060913,0.779583752155304,0.9895995259284972,0.9689673781394958,0.8452970385551453,0.7174050211906433,0.9916001558303832,0.9758968353271484,0.8690130114555359,0.9276362657546996,0.9328362941741944,0.9502250552177428,0.9781875014305116,0.9665865898132324,0.9780585765838624,0.9850659370422364,0.873554527759552,0.9935952425003052,0.9865562319755554,0.8147839307785034,0.9353814721107484,0.9944878816604614,0.9458619356155396,0.7598705291748047,0.9953552484512328,0.9332651495933532,0.9942741990089417,0.8963808417320251,0.9600481986999512,0.8512198328971863,0.9440320134162904,0.9887353777885436,0.8585482239723206,0.8169970512390137,0.8166440725326538,0.9222233295440674,0.9927499890327454,0.9961811304092408,0.982390284538269,0.971286416053772,0.7574107050895691,0.9821106195449828,0.9799455404281616,0.8827428817749023,0.918956458568573,0.9820833802223206,0.9332337975502014,65.2173913,45.0
HUL,2016,0.9737953543663024,0.9853841066360474,0.9919925332069396,0.9873570799827576,0.952454686164856,0.9658958315849304,0.9525673389434814,0.9760663509368896,0.9704992771148682,0.9587383270263672,0.9849156141281128,0.9833675026893616,0.9771907329559326,0.9409987330436708,0.9878997206687928,0.9085803627967834,0.9569440484046936,0.6615781188011169,0.9512746334075928,0.8344376087188721,0.9170363545417786,0.9281501173973083,0.8830905556678772,0.8345863223075867,0.9924054145812988,0.9756601452827454,0.9105334281921388,0.4406112730503082,0.9767860770225524,0.9683825969696044,0.935922622680664,0.9553399682044984,0.977774441242218,0.8986453413963318,0.9710600972175598,0.932598114013672,0.9860302805900574,0.97806715965271,0.7862264513969421,0.9870479702949524,0.9610442519187928,0.8196643590927124,0.9551500082015992,0.9839159846305848,0.9888924360275269,0.9576767086982728,0.9958279132843018,0.8678527474403381,0.991334855556488,0.9213929176330566,0.5742824077606201,0.8931973576545715,0.9306334853172302,0.98209148645401,0.8886051774024963,0.9714334607124328,0.7738677859306335,0.9690715670585632,0.971018135547638,0.9891205430030824,0.9873807430267334,0.9745068550109864,0.7697329521179199,0.9686113595962524,0.9918304681777954,0.9246368408203124,0.98047536611557,0.9926475882530212,0.949801743030548,68.11594203,47.0
HUL,2017,0.9864923357963562,0.9851933121681212,0.9921832084655762,0.9865137934684752,0.9353131055831908,0.9540055394172668,0.9540257453918456,0.9815964102745056,0.9707674384117126,0.9662559032440186,0.9745023846626282,0.9821497797966005,0.9816449284553528,0.9498880505561828,0.9887110590934752,0.9068791270256042,0.939774751663208,0.9638502597808838,0.982060968875885,0.893944263458252,0.9749575257301332,0.9382517337799072,0.990566074848175,0.8882783055305481,0.9883599877357484,0.7529987096786499,0.8411840200424194,0.9659395217895508,0.9810778498649596,0.9749207496643066,0.9385421872138976,0.9377931356430054,0.9715791940689088,0.921384871006012,0.9666460156440736,0.9774370193481444,0.9811944961547852,0.975960612297058,0.6382324695587158,0.990472972393036,0.9690997004508972,0.6232628226280212,0.9741756319999696,0.9886998534202576,0.9856433272361756,0.6421797275543213,0.9932867884635924,0.7921029329299927,0.984736979007721,0.9733268022537231,0.5234741568565369,0.9445530772209167,0.9479066729545592,0.992575228214264,0.9159715175628662,0.9463240504264832,0.8589510917663574,0.9830024838447572,0.9741438031196594,0.9921199679374696,0.9873519539833068,0.9670671224594116,0.8297300934791565,0.9770786762237548,0.9813249111175536,0.9234317541122437,0.9847173690795898,0.9911181926727296,0.9735203981399536,72.46376812,50.0
HUL,2018,0.9792174100875854,0.9801211953163148,0.9925251603126526,0.9899163842201232,0.967439830303192,0.9727733731269836,0.9585405588150024,0.982348382472992,0.975418210029602,0.9648067355155944,0.9685342311859132,0.982418179512024,0.977411925792694,0.9735617637634276,0.9877930283546448,0.974465310573578,0.9409009218215942,0.8612983226776123,0.964070439338684,0.9349351525306702,0.95157128572464,0.9071357250213624,0.8216475248336792,0.7482946515083313,0.9846593141555786,0.91389000415802,0.715107798576355,0.8930922150611877,0.9911061525344848,0.9741221070289612,0.92648583650589,0.9345769882202148,0.8978472352027893,0.8425676226615906,0.9684070348739624,0.9049666523933412,0.986157774925232,0.981088638305664,0.8428855538368225,0.9860285520553588,0.9613073468208312,0.6400272250175476,0.95792555809021,0.9945224523544312,0.988982319831848,0.6765143275260925,0.993256449699402,0.9632036089897156,0.989911675453186,0.9629174470901488,0.7371068000793457,0.918335258960724,0.9396389126777648,0.9884935021400452,0.922067403793335,0.6914095878601074,0.7121475338935852,0.975601613521576,0.991697072982788,0.9953851699829102,0.9850796461105348,0.9686664938926696,0.8291603922843933,0.9724001884460448,0.985312283039093,0.9419665336608888,0.9850308895111084,0.9835580587387084,0.9240456819534302,69.56521739,48.0
ITC,2014,0.9768187999725342,0.992343246936798,0.993707001209259,0.987234354019165,0.9619905352592468,0.9669248461723328,0.9562477469444276,0.9841306805610656,0.9401568174362184,0.9800562858581544,0.9811074137687684,0.9854947328567504,0.9820030331611632,0.9488494992256165,0.9893966913223268,0.9807379245758056,0.9513089060783386,0.8083622455596924,0.9530140161514282,0.9738298058509828,0.8851161599159241,0.8870412111282349,0.8888529539108276,0.899145245552063,0.9798884987831116,0.9831967949867249,0.8969322443008423,0.9483187794685364,0.9783664345741272,0.971472144126892,0.94252747297287,0.945042371749878,0.9771255850791932,0.9301910400390624,0.9415388107299804,0.9728530645370485,0.9620457887649536,0.9827824831008912,0.8130248785018921,0.9959460496902466,0.98337060213089,0.953009307384491,0.9791818261146544,0.9674504399299622,0.8470310568809509,0.5996973514556885,0.9836316108703612,0.8346117734909058,0.9008760452270508,0.969441831111908,0.6257392168045044,0.9189469218254088,0.9676143527030944,0.9814475774765016,0.9689722061157228,0.9417017102241516,0.8626859784126282,0.980257213115692,0.971280574798584,0.979071855545044,0.9924954771995544,0.983704149723053,0.7741366028785706,0.977768063545227,0.9736484289169312,0.9016634225845336,0.956947922706604,0.9805993437767028,0.9705526828765868,56.52173913,39.0
ITC,2015,0.972368597984314,0.9900943636894226,0.9902072548866272,0.9817616939544678,0.955204963684082,0.9545987248420716,0.9778688549995422,0.9639325141906738,0.9454900026321412,0.979250967502594,0.9849947094917296,0.978635549545288,0.9748778343200684,0.9609174132347108,0.9902413487434388,0.890841007232666,0.9257038831710817,0.8600393533706665,0.9611404538154602,0.9245375394821168,0.876671552658081,0.92634916305542,0.8990405797958374,0.8318935036659241,0.9835440516471864,0.9888840913772584,0.8459818959236145,0.9512945413589478,0.9849294424057008,0.9392847418785096,0.9507393836975098,0.9434452652931212,0.971839964389801,0.9320436120033264,0.9585670828819276,0.9294471144676208,0.948392391204834,0.9800420999526978,0.7707266211509705,0.9943734407424928,0.98650461435318,0.8855767250061035,0.9784719347953796,0.9621687531471252,0.8464145660400391,0.6371376514434814,0.9832074642181396,0.907774031162262,0.944025993347168,0.9602940678596495,0.8611125349998474,0.908804178237915,0.9711326956748962,0.9788714051246644,0.7869821786880493,0.954213798046112,0.7879540920257568,0.9760433435440063,0.9763214588165284,0.9645744562149048,0.9858638644218444,0.9831542372703552,0.8397276997566223,0.9821742177009584,0.9777344465255736,0.9027631878852844,0.9625025391578674,0.985496461391449,0.9455236792564392,115.3846154,79.61538462
ITC,2016,0.9732933044433594,0.9889801144599916,0.993998408317566,0.990911602973938,0.9345795512199402,0.9538114070892334,0.9734593033790588,0.9552063941955566,0.9656487107276917,0.9895312190055848,0.9831308126449584,0.9895228743553162,0.9775251150131226,0.971331000328064,0.9894177913665771,0.9135288000106812,0.9483315944671632,0.931847333908081,0.976100504398346,0.9622904062271118,0.8634088635444641,0.8507980108261108,0.9120168685913086,0.7686236500740051,0.9834893345832824,0.989587903022766,0.9001069068908691,0.8570830225944519,0.97303968667984,0.9764335751533508,0.9093256592750548,0.9341397285461426,0.98453027009964,0.9328337907791138,0.9669760465621948,0.9778441190719604,0.964551031589508,0.973186731338501,0.9515288472175598,0.9963111877441406,0.9831591248512268,0.8780961632728577,0.9660620093345642,0.9770517349243164,0.8218997120857239,0.7222825884819031,0.9923586845397948,0.9749451875686646,0.8300333023071289,0.969799816608429,0.8127340078353882,0.93026864528656,0.9549351334571838,0.9843660593032836,0.8297642469406128,0.7447455525398254,0.7823777794837952,0.9695199131965636,0.97108793258667,0.9880316257476808,0.9894545674324036,0.983280062675476,0.7836081981658936,0.9847079515457152,0.9768977761268616,0.9679176211357116,0.9609522819519044,0.966864287853241,0.9641065001487732,55.07246377,38.0
ITC,2017,0.9738235473632812,0.9915031790733336,0.992625653743744,0.9880927801132202,0.9594417810440063,0.9621483087539672,0.9466614723205566,0.983164131641388,0.9676570296287536,0.9846861958503724,0.98370361328125,0.980484426021576,0.9865384101867676,0.9536031484603882,0.9891214966773988,0.8920630812644958,0.92940354347229,0.9014065265655518,0.9795094728469848,0.9333181381225586,0.8158775568008423,0.9107451438903807,0.904933512210846,0.8543102145195007,0.9935204982757568,0.9255453944206238,0.8762218952178955,0.8368223309516907,0.9736274480819702,0.9625698924064636,0.9136024713516236,0.9527458548545836,0.9677518010139464,0.8633047342300415,0.9710997939109802,0.9002000689506531,0.9814512133598328,0.9813072681427002,0.837813675403595,0.9917502403259276,0.978893220424652,0.8025182485580444,0.9862655997276306,0.9750754237174988,0.9576665759086608,0.5913549065589905,0.9947544932365416,0.9725675582885742,0.855344831943512,0.9788587093353271,0.7781529426574707,0.9109888672828674,0.9415167570114136,0.9833132028579712,0.9791032671928406,0.9214522242546082,0.8672575354576111,0.9920608997344972,0.9693973660469056,0.9788772463798524,0.9959102272987366,0.9715550541877748,0.8466957211494446,0.9579396843910216,0.9627204537391664,0.975435435771942,0.9685978889465332,0.9771353602409364,0.9380559921264648,60.86,41.9934
ITC,2018,0.9766051173210144,0.9913082122802734,0.9918094873428344,0.9855630397796632,0.9466688632965088,0.9809731245040894,0.9521732926368712,0.955957531929016,0.974088191986084,0.9795294404029846,0.9723546504974364,0.9814056754112244,0.9743323922157288,0.9651216864585876,0.9883739948272704,0.9070925116539,0.932319164276123,0.773485541343689,0.9824889898300172,0.9528442025184632,0.8389055132865906,0.8966175317764282,0.9423576593399048,0.8917192220687866,0.984965443611145,0.9846595525741576,0.9259254336357116,0.9323261976242064,0.9773030281066896,0.983334481716156,0.8925027251243591,0.9639112949371338,0.9533795714378356,0.8728899955749512,0.982750117778778,0.9369829297065736,0.9777284264564514,0.9840130805969238,0.7567165493965149,0.9945799112319946,0.9747950434684752,0.7099160552024841,0.9871786832809448,0.9750056266784668,0.9283345341682434,0.7624274492263794,0.9970399141311646,0.9533324241638184,0.9598372578620912,0.95915549993515,0.4805765748023987,0.9359489679336548,0.9601759910583496,0.9881033301353456,0.9683554768562316,0.9717425107955932,0.8862570524215698,0.9856004118919371,0.9715750217437744,0.9890204668045044,0.9872978329658508,0.9634835720062256,0.7892302870750427,0.9339929223060608,0.9652618169784546,0.967284619808197,0.9763401746749878,0.989100217819214,0.9361631274223328,60.86,41.9934
Infosys,2014,0.9804134964942932,0.990167796611786,0.9857912063598632,0.9829297065734864,0.942527711391449,0.9455164074897766,0.9493460655212402,0.9857707619667052,0.902893841266632,0.9814135432243348,0.949351966381073,0.973349392414093,0.97202867269516,0.9612135887145996,0.9852184653282166,0.9547093510627748,0.9655495882034302,0.9718571901321412,0.9774121046066284,0.9317777752876282,0.8338435292243958,0.9144476652145386,0.8673121333122253,0.7504721879959106,0.9836538434028624,0.96799898147583,0.8483316898345947,0.9745836853981018,0.9735825657844543,0.970010221004486,0.9895687699317932,0.9559802412986756,0.9849210381507874,0.9594411849975586,0.9773971438407898,0.9707096815109252,0.9223869442939758,0.9825454354286194,0.7739163041114807,0.9924780130386353,0.953405261039734,0.8571131825447083,0.9640467166900636,0.9703543782234192,0.8003401160240173,0.6418152451515198,0.9967963099479676,0.8177303671836853,0.8310133814811707,0.9316150546073914,0.4724239110946655,0.884680449962616,0.9213662147521972,0.963862419128418,0.8439138531684875,0.6596984267234802,0.6405298113822937,0.9655452966690063,0.9716688394546508,0.94316965341568,0.9801769852638244,0.9805883169174194,0.8952685594558716,0.9690935015678406,0.9871249198913574,0.9560206532478333,0.9573706984519958,0.9739482402801514,0.9875933527946472,55.07246377,38.0
Infosys,2015,0.9743303656578064,0.9887313842773438,0.9866937398910522,0.9889343976974488,0.9560497403144836,0.9472424983978271,0.9684102535247804,0.97658109664917,0.9593055248260498,0.9836254715919496,0.9623330235481262,0.9693857431411744,0.9771059155464172,0.9432098269462584,0.9856149554252625,0.9447778463363647,0.936166286468506,0.949920117855072,0.9784281849861144,0.8977149724960327,0.8536129593849182,0.93129301071167,0.8651071190834045,0.8688199520111084,0.9932888746261596,0.96760094165802,0.9252662062644958,0.9684419631958008,0.9842903017997742,0.9842868447303772,0.9891546368598938,0.9638735055923462,0.9700613617897034,0.9604030251502992,0.9861038327217102,0.9546769261360168,0.9390939474105836,0.9724752306938172,0.7969262599945068,0.99179607629776,0.9636251330375672,0.862032949924469,0.9679338335990906,0.971169650554657,0.8942676782608032,0.6277201771736145,0.9878856539726256,0.785490870475769,0.8981243371963501,0.866186797618866,0.8756785988807678,0.8465186953544617,0.9222078323364258,0.9769870042800904,0.9053918719291688,0.7962852716445923,0.7293465733528137,0.9659907817840576,0.9642916917800904,0.9585062265396118,0.9822378158569336,0.9832472205162048,0.8229319453239441,0.9938817024230956,0.9910460710525512,0.9805173873901368,0.9769721627235411,0.9781701564788818,0.9801554679870604,60.86956522,42.0
Infosys,2016,0.9742000699043274,0.9850932359695436,0.9863086342811584,0.9807193875312804,0.8452194333076477,0.9493643045425416,0.9544460773468018,0.9702542424201964,0.9797374606132508,0.9594112038612366,0.9416570663452148,0.9846097230911256,0.9754242897033693,0.9690855145454408,0.98078590631485,0.9140753149986268,0.9509321451187134,0.9683696031570436,0.961719274520874,0.9335491061210632,0.9154447317123412,0.9095064997673036,0.8640811443328857,0.8114018440246582,0.9919912815093994,0.9661681652069092,0.8310537338256836,0.981949746608734,0.9820160865783693,0.9602556824684144,0.9817020893096924,0.9685743451118468,0.9834746718406676,0.9463687539100648,0.9764875173568726,0.9902198314666748,0.8699784278869629,0.9785460829734802,0.8728160262107849,0.9801828861236572,0.9431106448173524,0.9473156332969666,0.9603173732757568,0.975344717502594,0.966884970664978,0.8141522407531738,0.9918259382247924,0.7549555897712708,0.943375289440155,0.8775700926780701,0.9046995639801024,0.907570481300354,0.9433274865150452,0.98533695936203,0.7910851240158081,0.7616380453109741,0.7489043474197388,0.9852780103683472,0.941786766052246,0.9496375918388368,0.973983883857727,0.9794381856918336,0.9364217519760132,0.9941613078117372,0.9883224964141846,0.9200810194015504,0.9754337072372437,0.9784070253372192,0.9826979637145996,68.11594203,47.0
Infosys,2017,0.9780507683753968,0.9856024980545044,0.9848458170890808,0.986525058746338,0.962471067905426,0.9496316313743592,0.9635274410247804,0.955293357372284,0.9794604182243348,0.980291783809662,0.9696071743965148,0.980443239212036,0.9804482460021972,0.954545557498932,0.9891830682754515,0.9313872456550598,0.942072093486786,0.9662660360336304,0.967804789543152,0.9490606188774108,0.9874920845031738,0.9557307362556458,0.9522706866264344,0.7934930324554443,0.990290343761444,0.846811830997467,0.9303117394447328,0.975294589996338,0.980935513973236,0.9714317917823792,0.9611652493476868,0.9724926352500916,0.9709182381629944,0.9776200652122498,0.9657663106918336,0.964592695236206,0.905710220336914,0.9690809845924376,0.8103790879249573,0.98818039894104,0.9593531489372252,0.7525638341903687,0.9602723121643066,0.9595537781715392,0.9734348654747008,0.7432422637939453,0.9922986030578612,0.9565402269363404,0.9865171909332277,0.9293444752693176,0.6737449169158936,0.9190519452095032,0.9368277788162231,0.988554298877716,0.88553786277771,0.7516494989395142,0.741401731967926,0.985776662826538,0.9649882316589355,0.9491710066795348,0.9707247018814088,0.9761826992034912,0.9551123976707458,0.9488823413848876,0.973718285560608,0.967598557472229,0.9820643067359924,0.988956868648529,0.9619386196136476,66.66666667,46.0
Infosys,2018,0.9883105754852296,0.9900323748588562,0.990142285823822,0.9902918338775636,0.8430699706077576,0.962528645992279,0.9576786756515504,0.957570731639862,0.946091651916504,0.9767263531684875,0.9682047367095948,0.9727595448493958,0.9718419313430786,0.9633907675743104,0.990045428276062,0.9123967289924622,0.8967698812484741,0.961257815361023,0.9786522388458252,0.9294776916503906,0.9883310794830322,0.9185871481895448,0.953181803226471,0.8086693286895752,0.989618957042694,0.8702548146247864,0.8800285458564758,0.9811245203018188,0.9844894409179688,0.9810277223587036,0.9807173013687134,0.9729449152946472,0.97709321975708,0.9547879695892334,0.9818810820579528,0.9369624853134156,0.9165813326835632,0.9734270572662354,0.7789679765701294,0.9926435351371764,0.9600627422332764,0.8761658072471619,0.9869657754898072,0.9531662464141846,0.938407301902771,0.5875260233879089,0.9892194271087646,0.9876857399940492,0.9817776679992676,0.9639883637428284,0.5480442643165588,0.8792237639427185,0.9602578282356262,0.9825431108474731,0.8013651967048645,0.7151073217391968,0.7999408841133118,0.9751350283622742,0.9670393466949464,0.9391437768936156,0.986372411251068,0.9753351211547852,0.9226789474487304,0.9688326120376588,0.9781044721603394,0.9843087196350098,0.9834626317024232,0.9890578985214232,0.9293108582496644,65.2173913,45.0
ONGC,2014,0.9657419323921204,0.9878241419792176,0.9924606680870056,0.981278359889984,0.9069781303405762,0.9486862421035768,0.94367915391922,0.9834888577461244,0.9499720931053162,0.9842575192451476,0.9895506501197816,0.983241319656372,0.9826323986053468,0.9671734571456908,0.988749384880066,0.8989084362983704,0.9606816172599792,0.946398377418518,0.9646586775779724,0.9707693457603456,0.9735346436500548,0.9320422410964966,0.962945520877838,0.9481332302093506,0.9692261219024658,0.9388288855552672,0.9067640900611876,0.9573197364807128,0.9900043606758118,0.9827359914779664,0.9661683440208436,0.9613200426101683,0.8821516633033752,0.901391625404358,0.9786436557769777,0.9642746448516846,0.9325482249259948,0.9632916450500488,0.9020474553108216,0.993681252002716,0.9558132290840148,0.7986724376678467,0.9563162326812744,0.9565033316612244,0.8768296241760254,0.6231910586357117,0.9628505110740662,0.7544801235198975,0.9609236121177672,0.9027355909347534,0.4362999200820923,0.9279677867889404,0.9197262525558472,0.9827561974525452,0.8517197370529175,0.8440410494804382,0.8178377747535706,0.963745415210724,0.9824445247650146,0.9564443826675416,0.9779204726219176,0.984269917011261,0.9748554825782776,0.9666579961776732,0.9869406819343568,0.8562940955162048,0.976083755493164,0.9759706258773804,0.950366199016571,46.37681159,32.0
ONGC,2015,0.9675037264823914,0.9821434617042542,0.9933933615684508,0.9803141951560974,0.918640434741974,0.9576919674873352,0.9709901213645936,0.9693229794502258,0.9457044005393982,0.9715801477432252,0.9423776268959044,0.9791459441184998,0.9813621640205384,0.9723860621452332,0.9813862442970276,0.8964204788208008,0.9590632915496826,0.9575881958007812,0.9686251282691956,0.9672937989234924,0.975935995578766,0.9014233946800232,0.9341578483581544,0.8851052522659302,0.982270359992981,0.9322021007537842,0.9197014570236206,0.9345894455909728,0.9802252054214478,0.9759520888328552,0.9514923095703124,0.9503369927406312,0.965739905834198,0.9189488291740416,0.9606914520263672,0.9233796000480652,0.933854043483734,0.9567963480949402,0.8843386173248291,0.994501769542694,0.9662063121795654,0.8525614738464355,0.968256652355194,0.973602056503296,0.8771823048591614,0.5839486718177795,0.9540731906890868,0.8212657570838928,0.9790393114089966,0.9377281069755554,0.4090815186500549,0.889762282371521,0.9448894262313844,0.984708607196808,0.8080561757087708,0.8079637885093689,0.7915501594543457,0.9158156514167786,0.978874921798706,0.9533585906028748,0.9808995723724364,0.982403039932251,0.8799745440483093,0.9369353652000428,0.9821379780769348,0.9402121305465698,0.9706233739852904,0.9618155360221864,0.9474207162857056,52.17391304,36.0
ONGC,2017,0.9803765416145324,0.9856085777282716,0.9904115796089172,0.9914197325706482,0.9337838888168336,0.9795472621917723,0.9554388523101808,0.9814302921295166,0.953201174736023,0.946864366531372,0.9697984457015992,0.9910284280776978,0.9915289282798768,0.976058304309845,0.9800448417663574,0.9195733666419984,0.9847618937492372,0.9411453008651732,0.9899620413780212,0.9859076738357544,0.9344346523284912,0.931614339351654,0.9051400423049928,0.9211775660514832,0.9893211722373962,0.9711875319480896,0.907059907913208,0.9857691526412964,0.9778728485107422,0.9866582751274108,0.9535320401191713,0.9576584696769714,0.9602896571159364,0.9694514870643616,0.9761603474617004,0.8861490488052368,0.9387516975402832,0.967507302761078,0.8959610462188721,0.9946701526641846,0.9756597876548768,0.873998761177063,0.9836259484291076,0.9583794474601746,0.8792620301246643,0.6509932279586792,0.9862887859344482,0.921624481678009,0.9782803654670716,0.9178961515426636,0.6125912666320801,0.9556532502174376,0.9395751953125,0.9761853218078612,0.9160553812980652,0.8542817831039429,0.859106719493866,0.9845285415649414,0.9828667640686036,0.961435317993164,0.978915512561798,0.9565114974975586,0.8925725221633911,0.95004141330719,0.9714616537094116,0.866676926612854,0.9594604969024658,0.986432671546936,0.9509957432746888,52.17391304,36.0
ONGC,2018,0.9742342829704284,0.9865887761116028,0.9916173219680786,0.9854639172554016,0.9393272399902344,0.9660189747810364,0.9527950286865234,0.9633491635322572,0.9537606835365297,0.9781404137611388,0.9787346124649048,0.97343772649765,0.976044774055481,0.9630714654922484,0.9829221963882446,0.8967702984809875,0.9696418046951294,0.9680675268173218,0.9896157383918762,0.9894623160362244,0.966769814491272,0.9184877276420592,0.9089704751968384,0.9063814878463744,0.990763783454895,0.9892448782920836,0.914553701877594,0.9846320152282716,0.983038604259491,0.9801883101463318,0.9624800086021424,0.9726657271385192,0.9756558537483216,0.9032152891159058,0.954111635684967,0.9533452391624452,0.9368685483932496,0.9570059776306152,0.8531253933906555,0.9897385239601136,0.9491834044456482,0.8396764397621155,0.9741870164871216,0.9471863508224488,0.8235888481140137,0.6677088141441345,0.9817319512367249,0.9108645915985109,0.9934045672416688,0.9141782522201538,0.3422878384590149,0.931739628314972,0.9191954135894777,0.9922810196876526,0.9436780214309692,0.9591310024261476,0.803229808807373,0.9849903583526612,0.9886565804481506,0.9601312279701232,0.9797475934028624,0.962041974067688,0.8615680932998657,0.9602107405662536,0.9805768728256226,0.9658712148666382,0.9625532031059264,0.9839575290679932,0.9761444330215454,57.97101449,40.0
RIL,2014,0.9906206130981444,0.9910213947296144,0.9905558228492736,0.9927223324775696,0.963668406009674,0.9885669946670532,0.9495763778686525,0.9865795373916626,0.9534908533096312,0.9843523502349854,0.9719698429107666,0.9827784895896912,0.9850441217422484,0.9715719819068908,0.985763132572174,0.9360323548316956,0.9574033617973328,0.937053918838501,0.9596188068389891,0.9895620346069336,0.8876722455024719,0.9547940492630004,0.9362934231758118,0.9101699590682985,0.9784609079360962,0.9730088710784912,0.8886215686798096,0.9555667638778688,0.9837936758995056,0.982507824897766,0.945735514163971,0.936776876449585,0.9736367464065552,0.9620327353477478,0.9657990336418152,0.9742379784584044,0.9838102459907532,0.9780852198600768,0.8120157718658447,0.9945088028907776,0.990641474723816,0.8845700025558472,0.9743497967720032,0.989779531955719,0.8775064945220947,0.7919583916664124,0.9296053647994996,0.8608465194702148,0.9490557312965392,0.9152899980545044,0.652125895023346,0.9604702591896056,0.965840220451355,0.97551292181015,0.8995459079742432,0.9508901238441468,0.9010868668556212,0.9781869053840636,0.9403858184814452,0.9774258136749268,0.983224630355835,0.9600530862808228,0.8433672189712524,0.9782941937446594,0.982407569885254,0.9820076823234558,0.9871326088905334,0.9858402013778688,0.9843207001686096,72.46376812,50.0
RIL,2015,0.990859866142273,0.9881874918937684,0.9935088157653807,0.9876532554626464,0.9739912152290344,0.9856587648391724,0.9687715768814088,0.9873788952827454,0.9823034405708312,0.9909451603889464,0.9702090620994568,0.9809749722480774,0.982476532459259,0.9768691658973694,0.985469937324524,0.9653007388114928,0.9586747884750366,0.9150707721710204,0.9777010679244996,0.9842835068702698,0.8725224733352661,0.9313157200813292,0.928945541381836,0.8807271718978882,0.989446222782135,0.9755715131759644,0.9579496383666992,0.970748007297516,0.9806041121482848,0.9855053424835204,0.95783269405365,0.9621152281761168,0.9693094491958618,0.885690450668335,0.9629007577896118,0.9217011332511902,0.9600260257720948,0.985410213470459,0.938210129737854,0.996901512145996,0.9921424388885498,0.8602191805839539,0.939403235912323,0.9813222885131836,0.8410166501998901,0.6446102261543274,0.8927077054977417,0.8151172399520874,0.985939919948578,0.9340570569038392,0.6418893933296204,0.9484089612960817,0.9403436183929444,0.9778338670730592,0.9023007154464722,0.9126033186912536,0.8937655091285706,0.9508501291275024,0.960416853427887,0.9754290580749512,0.9823134541511536,0.9663856029510498,0.8552100658416748,0.9902101159095764,0.9822178483009338,0.9770748019218444,0.984025239944458,0.9931046962738036,0.978011190891266,73.91304348,51.0
RIL,2016,0.9864374995231628,0.9919301867485046,0.9939084053039552,0.9929745197296144,0.960902452468872,0.9816629886627196,0.984165608882904,0.9914783835411072,0.9852105379104614,0.9852436780929564,0.9794520139694214,0.9844803810119628,0.9780153632164,0.9873066544532776,0.9882876873016356,0.9578464031219482,0.9661785960197448,0.8998788595199585,0.9815486073493958,0.98408180475235,0.8628754019737244,0.9325984716415404,0.9100158214569092,0.865411639213562,0.9905393123626708,0.9811495542526244,0.9060823321342468,0.9297586679458618,0.9833136200904846,0.983720600605011,0.9446632862091064,0.9554039835929872,0.979131817817688,0.8424375653266907,0.986559510231018,0.9072275161743164,0.960619568824768,0.9913987517356871,0.960696816444397,0.9968149065971376,0.9835411310195924,0.9798606038093568,0.9497107863426208,0.9814557433128356,0.8691494464874268,0.8507707118988037,0.9755150079727172,0.9032939672470092,0.9772355556488036,0.9568358063697816,0.6599149703979492,0.9257170557975768,0.972500503063202,0.9937667846679688,0.8867136836051941,0.813547670841217,0.8570077419281006,0.9781925678253174,0.9742395281791688,0.9733591079711914,0.986697793006897,0.9794474244117736,0.8451622724533081,0.987924098968506,0.9825488328933716,0.9675322771072388,0.9865374565124512,0.992448091506958,0.9838300347328186,75.36231884,52.0
RIL,2017,0.9874508380889891,0.9909849762916564,0.995589554309845,0.9908627867698668,0.9808127284049988,0.980423390865326,0.9787355065345764,0.9862213730812072,0.980442762374878,0.9903543591499328,0.985036849975586,0.989307165145874,0.9876567125320436,0.9768729209899902,0.9907500743865968,0.9296114444732666,0.9706134796142578,0.9068745374679564,0.9687005281448364,0.9853002429008484,0.9736356735229492,0.9648916125297546,0.9396315813064576,0.964065968990326,0.9944248199462892,0.9786397814750672,0.9108947515487672,0.8378074765205383,0.9838429689407348,0.9854823350906372,0.9405734539031982,0.9688509106636048,0.987554132938385,0.897240936756134,0.9800458550453186,0.966048777103424,0.98368638753891,0.9896926283836364,0.9217129349708556,0.9957308173179626,0.9924193620681764,0.8849073052406311,0.9468823671340942,0.9952840805053712,0.8462383151054382,0.932909905910492,0.9640920758247375,0.9348596930503844,0.9914998412132264,0.96847265958786,0.5348351001739502,0.9552868604660034,0.9732475876808168,0.990291178226471,0.9360763430595398,0.8508158326148987,0.9138953685760498,0.9872596859931946,0.9770269393920898,0.9887524247169496,0.9933092594146729,0.9684274792671204,0.9301015734672546,0.9901592135429382,0.9760744571685792,0.9758565425872804,0.956628680229187,0.9740458130836488,0.963024914264679,75.36231884,52.0
RIL,2018,0.989506721496582,0.9931997060775756,0.9930946230888368,0.994549036026001,0.981184184551239,0.9864176511764526,0.9787440299987792,0.9869868159294128,0.9819880723953248,0.9907639026641846,0.95147442817688,0.99126935005188,0.992456316947937,0.98325377702713,0.9938035011291504,0.97077614068985,0.975450038909912,0.8863028287887573,0.9785441160202026,0.9904077649116516,0.9701188206672668,0.9571430683135986,0.9215001463890076,0.9580471515655518,0.9890116453170776,0.9793069958686828,0.9752936363220216,0.912095844745636,0.9834522604942322,0.987277090549469,0.960749089717865,0.9518169164657592,0.9795376658439636,0.8717890977859497,0.9804537892341614,0.9756066203117372,0.9884926080703736,0.9854610562324524,0.920174241065979,0.995783805847168,0.9829867482185364,0.9043763279914856,0.9524765610694884,0.9768049120903016,0.9191336631774902,0.7938460111618042,0.929099977016449,0.9513782262802124,0.9753764867782592,0.9762914180755616,0.4924450218677521,0.9251859784126282,0.956095814704895,0.9853965044021606,0.8675161004066467,0.9097484350204468,0.8482370972633362,0.9861278533935548,0.9757612943649292,0.9766840934753418,0.9881839752197266,0.9750816226005554,0.830865740776062,0.98835027217865,0.9737549424171448,0.9575294852256776,0.982766330242157,0.9846756458282472,0.9832214117050172,76.8115942,53.0
TCS,2014,0.9617652297019958,0.9828792810440063,0.9782180786132812,0.9736673831939696,0.8917617201805115,0.9115300178527832,0.9487398862838744,0.949223518371582,0.8808368444442749,0.9553603529930116,0.9818994402885436,0.978748857975006,0.9797237515449524,0.968144953250885,0.9790456295013428,0.9408731460571288,0.9460434317588806,0.9678893089294434,0.9268242716789246,0.94964200258255,0.939220130443573,0.9482346773147584,0.941253423690796,0.8806943893432617,0.9831515550613404,0.9570945501327516,0.8740048408508301,0.8630765080451965,0.9685453176498412,0.9800589680671692,0.9616509675979614,0.925678014755249,0.9773827195167542,0.8988610506057739,0.9868696331977844,0.9817323088645936,0.8990759253501892,0.9612258076667786,0.8382261991500854,0.9937423467636108,0.956772804260254,0.8808028101921082,0.9649266004562378,0.9527105689048768,0.8996292948722839,0.8609029650688171,0.986309289932251,0.7889880537986755,0.9308345913887024,0.9660369157791138,0.6291998624801636,0.8951889872550964,0.952061653137207,0.9848167300224304,0.8736128211021423,0.8708065748214722,0.8227484226226807,0.965535581111908,0.96816223859787,0.9575304985046388,0.9833831191062928,0.9660398364067078,0.8913014531135559,0.9715647101402284,0.9899458885192872,0.9233545064926147,0.9514368176460266,0.9866524338722228,0.9335157871246338,47.82608696,33.0
TCS,2015,0.9768885970115662,0.9889548420906068,0.968229115009308,0.9832494854927064,0.9031081795692444,0.8874468803405762,0.9494187235832214,0.966058611869812,0.8856816291809082,0.9650223255157472,0.987363576889038,0.9697413444519044,0.9784159660339355,0.9531893134117126,0.9846264123916626,0.8864181041717529,0.9568294286727904,0.9602773785591124,0.9620415568351746,0.9734532833099364,0.9146660566329956,0.9068902730941772,0.8805364370346069,0.9016321301460266,0.9670899510383606,0.9653382897377014,0.8854392766952515,0.6601282358169556,0.9858738780021667,0.9740175008773804,0.9581114649772644,0.9503141045570374,0.9851582050323486,0.8980379104614258,0.9702450633049012,0.943349540233612,0.8093616962432861,0.9465775489807128,0.9253867268562316,0.9967522621154784,0.9334657788276672,0.8836541175842285,0.9582648277282716,0.9699565172195436,0.7823790311813354,0.6440876722335815,0.9914321303367616,0.890612006187439,0.976413905620575,0.9662558436393738,0.739871621131897,0.9204283356666564,0.9271103143692015,0.9803693890571594,0.7850673794746399,0.7311534285545349,0.820249617099762,0.9270350933074952,0.9864925742149352,0.947484016418457,0.989015519618988,0.934795081615448,0.8487539887428284,0.9904043078422546,0.978486955165863,0.8998680114746094,0.985046684741974,0.986595094203949,0.9449004530906676,47.82608696,33.0
TCS,2016,0.9712645411491394,0.9764729142189026,0.9827014803886414,0.9810567498207092,0.9070813655853271,0.9429908394813538,0.9375739097595216,0.9724333882331848,0.938423752784729,0.9806007742881776,0.9691813588142396,0.9863740801811218,0.9893972873687744,0.9370086193084716,0.9823691844940186,0.9055831432342528,0.96777081489563,0.8893030285835266,0.9248769283294678,0.9564083814620972,0.9658637046813964,0.9138888716697692,0.9222711324691772,0.8740746974945068,0.9770408272743224,0.9477683305740356,0.8631612658500671,0.9540335536003112,0.99065101146698,0.9847965240478516,0.9699733853340148,0.9509892463684082,0.9753660559654236,0.9656679034233092,0.9687130451202391,0.8974850177764893,0.8908601999282837,0.9801912903785706,0.8382400274276733,0.9962178468704224,0.9092069864273072,0.8487064838409424,0.963235318660736,0.9524169564247132,0.885643720626831,0.6971297264099121,0.996229350566864,0.8447509407997131,0.9869467616081238,0.9124329090118408,0.6175382137298584,0.939980685710907,0.9148085117340088,0.9733323454856871,0.8304409384727478,0.7774122953414917,0.8579385876655579,0.958727777004242,0.9645113348960876,0.9492089748382568,0.9864959120750428,0.963215947151184,0.7736892104148865,0.9857457876205444,0.9936122298240662,0.9816224575042723,0.9792281985282898,0.9833773970603944,0.9437289237976074,47.82608696,33.0
TCS,2017,0.9630385041236876,0.9789624214172364,0.9825514554977416,0.974901020526886,0.8478670716285706,0.8795512318611145,0.933096408843994,0.9516406655311584,0.7209737300872803,0.9693121910095216,0.9782058596611024,0.9812596440315248,0.9925546646118164,0.9514945149421692,0.9872321486473083,0.8953580260276794,0.94817453622818,0.8903774619102478,0.9690058827400208,0.9144976735115052,0.9502933621406556,0.9535170793533324,0.934119999408722,0.8405583500862122,0.959377110004425,0.7448065280914307,0.8178347945213318,0.9897008538246156,0.9890313744544984,0.9890199899673462,0.9727174639701844,0.9512603878974916,0.9888261556625366,0.9278221130371094,0.9566494822502136,0.982244074344635,0.8220533728599548,0.9750743508338928,0.7806631922721863,0.9962464570999146,0.9630351662635804,0.7496048212051392,0.9372736215591432,0.954827606678009,0.8950713872909546,0.9159359335899352,0.9918293952941896,0.9114188551902772,0.985767126083374,0.9790442585945128,0.41563880443573,0.8530533313751221,0.9149587750434875,0.9853702783584596,0.7447937726974487,0.9367573261260986,0.7257814407348633,0.8579697012901306,0.860806405544281,0.9114488363265992,0.9836376905441284,0.9582629799842834,0.816799521446228,0.9419724345207214,0.992224097251892,0.9658872485160828,0.9846912622451782,0.9589759707450868,0.969925343990326,49.27536232,34.0
TCS,2018,0.9620974063873292,0.9881397485733032,0.9719998836517334,0.983074963092804,0.8891010284423828,0.9659465551376344,0.9347040057182312,0.9550878405570984,0.9120883345603944,0.9822417497634888,0.985237181186676,0.977182686328888,0.9812979698181152,0.9659302830696106,0.981656014919281,0.9104364514350892,0.9066212177276612,0.8682471513748169,0.9546716213226318,0.931058704853058,0.9628860950469972,0.9325605630874634,0.9829267859458924,0.8962823748588562,0.9910086989402772,0.7787929177284241,0.7647851705551147,0.9831923246383668,0.9866245985031128,0.979635775089264,0.9431208968162536,0.969313144683838,0.9902342557907104,0.9784249663352966,0.9727439284324646,0.8907110691070557,0.9113563895225524,0.9489061236381532,0.8161340951919556,0.9960357546806335,0.9576048851013184,0.8221198916435242,0.972619354724884,0.9701204895973206,0.8726372122764587,0.5352818965911865,0.9899333119392396,0.9207926988601683,0.7601830363273621,0.9118212461471558,0.286752700805664,0.9002258777618408,0.9358146786689758,0.9730491042137146,0.8167012929916382,0.9623629450798036,0.8153504133224487,0.9805160164833068,0.9334440231323242,0.938450038433075,0.9723159670829772,0.9677872061729432,0.9473367929458618,0.958788514137268,0.9882461428642272,0.9188935160636902,0.9880814552307128,0.9901538491249084,0.8954898118972778,57.97101449,40.0
Tata Motors,2014,0.9716877341270448,0.9874240756034852,0.9946298003196716,0.9871828556060792,0.9673164486885072,0.9053398370742798,0.9580820202827454,0.9861544966697692,0.961850643157959,0.9911439418792723,0.982211410999298,0.9788365960121156,0.9848552942276,0.9753127098083496,0.9894893765449524,0.932271420955658,0.9729509949684144,0.8748815059661865,0.9381139278411864,0.9311830401420592,0.9413033723831176,0.959453284740448,0.934924066066742,0.9037588238716124,0.988175094127655,0.9666741490364076,0.8655650019645691,0.9793067574501038,0.9896442294120787,0.9722587466239928,0.9804272055625916,0.9658390283584596,0.960896611213684,0.8350999355316162,0.9524288773536682,0.8936873078346252,0.973832070827484,0.9675158858299256,0.8675835132598877,0.9958378076553344,0.9868186116218568,0.8314728736877441,0.9639735221862792,0.9581294059753418,0.8724432587623596,0.3724935948848724,0.9120246767997742,0.8626986742019653,0.9661372900009156,0.9651137590408324,0.4861794710159302,0.9166620373725892,0.9604753255844116,0.9908891320228576,0.9650505781173706,0.9854046702384948,0.8406251072883606,0.9861081838607788,0.9630933403968812,0.9644477963447572,0.9820214509963988,0.9835093021392822,0.8791412711143494,0.9779297709465028,0.9866493940353394,0.9888910055160522,0.9813733100891112,0.9626876711845398,0.974714696407318,69.56,47.9964
Tata Motors,2015,0.97045236825943,0.9901168346405028,0.9866449236869812,0.9906026124954224,0.9604310989379884,0.955504596233368,0.9578427076339722,0.983121395111084,0.9747051000595092,0.9313934445381165,0.9551703929901124,0.9856963753700256,0.9896714091300964,0.9482259750366212,0.9867546558380128,0.9252588152885436,0.9848422408103944,0.9480693340301514,0.9051021337509156,0.9863318800926208,0.9006971716880798,0.927941083908081,0.96060448884964,0.9103749990463256,0.98334538936615,0.975978672504425,0.874252200126648,0.988471746444702,0.9892413020133972,0.976775050163269,0.9861597418785096,0.957018494606018,0.9839004278182985,0.9192230105400084,0.971968114376068,0.9738287925720216,0.9475125074386596,0.9485244750976562,0.8886952996253967,0.994916558265686,0.9849476218223572,0.8601028323173523,0.9638484716415404,0.965574026107788,0.9458450078964232,0.6003109216690063,0.9899640083312988,0.9183586239814758,0.9792858958244324,0.9656105041503906,0.5887405276298523,0.9321645498275756,0.9839121103286744,0.9782719612121582,0.9725869297981262,0.9636500477790833,0.9142909049987792,0.9903639554977416,0.9652535915374756,0.979642391204834,0.9856510758399964,0.9632840156555176,0.8588758707046509,0.9845411777496338,0.9872788190841676,0.898331880569458,0.9921536445617676,0.9557660818099976,0.9894391894340516,72.46,49.9974
Tata Motors,2016,0.9831580519676208,0.9905441403388976,0.9926230907440186,0.9875961542129515,0.9277711510658264,0.9495169520378112,0.977673888206482,0.9839903116226196,0.9816908240318298,0.9839817881584167,0.9659136533737184,0.9843391180038452,0.9872198104858398,0.9796409606933594,0.9874352812767028,0.9775460958480836,0.9829491376876832,0.8744864463806152,0.9652814269065856,0.9726578593254088,0.8854886889457703,0.9596869349479676,0.930875301361084,0.9101774096488952,0.9889019727706908,0.9754018783569336,0.9559620022773744,0.98679918050766,0.986783802509308,0.9817776679992676,0.9802587032318116,0.9651111960411072,0.9783592820167542,0.9363774061203004,0.9824045896530152,0.933436632156372,0.9805826544761658,0.9647774696350098,0.9056664109230042,0.9965338110923768,0.982527494430542,0.9465749263763428,0.9509049654006958,0.952687680721283,0.8850799202919006,0.6905637979507446,0.9954363703727722,0.7868150472640991,0.986175775527954,0.9712696075439452,0.475618839263916,0.925438106060028,0.9460256099700928,0.9956851601600648,0.8256804943084717,0.9536845088005066,0.8206101655960083,0.992602288722992,0.9713096022605896,0.9699413180351256,0.9814438819885254,0.9677977561950684,0.880436897277832,0.9929535388946532,0.9860995411872864,0.9483819603919984,0.9902601838111876,0.9878657460212708,0.9898289442062378,73.91,50.9979
Tata Motors,2017,0.9897123575210572,0.9916448593139648,0.990318775177002,0.989566206932068,0.9423221349716188,0.9840587973594666,0.9524391889572144,0.9751489758491516,0.9679709672927856,0.9787558913230896,0.986765444278717,0.9855380058288574,0.9870671033859252,0.972033441066742,0.9892269968986512,0.9799324870109558,0.9720476269721984,0.9573308229446412,0.9708119034767152,0.9893943667411804,0.9817798733711244,0.9545931816101074,0.9228308200836182,0.939533531665802,0.9858728647232056,0.962575912475586,0.8640172481536865,0.9805063009262084,0.990480899810791,0.9875413775444032,0.9511229395866394,0.9552820324897766,0.9850428104400636,0.9234492182731628,0.9766222834587096,0.975949764251709,0.9801743030548096,0.9804121851921082,0.9163873195648192,0.9957547187805176,0.9870699644088744,0.9738064408302308,0.9655495882034302,0.968112587928772,0.9196513891220092,0.7132964134216309,0.9931720495224,0.8433852195739746,0.9888411164283752,0.972958505153656,0.5502243041992188,0.9354965686798096,0.9671863913536072,0.9784079790115356,0.9622985124588012,0.9372841715812684,0.8678253293037415,0.9899513721466064,0.9898303151130676,0.9819195866584778,0.986017644405365,0.9863604307174684,0.8589536547660828,0.9631901979446412,0.9881258606910706,0.9192407727241516,0.9883491396903992,0.9838111400604248,0.976296603679657,75.36,51.9984
Tata Motors,2018,0.9846091270446776,0.9933669567108154,0.9919922947883606,0.9902957677841188,0.9471784234046936,0.9706990122795104,0.952372670173645,0.9885006546974182,0.9743958115577698,0.960437536239624,0.986071765422821,0.9912760257720948,0.990822434425354,0.9619500041007996,0.9852502346038818,0.9678379893302916,0.9710060954093932,0.9130099415779114,0.9684417247772216,0.9905284643173218,0.9756274819374084,0.9765154719352722,0.9668886065483092,0.936603546142578,0.9868748784065248,0.9089261293411256,0.879643440246582,0.9858636260032654,0.9865222573280334,0.9806990027427672,0.9848289489746094,0.9845870733261108,0.9934461116790771,0.9217329621315002,0.97004634141922,0.965113878250122,0.9555389881134032,0.9812952280044556,0.976207435131073,0.9947901368141174,0.9825931787490844,0.9340941309928894,0.9628965258598328,0.9783099889755248,0.862385094165802,0.5726439952850342,0.9955579042434692,0.8507704734802246,0.9538750052452089,0.972405731678009,0.5523964166641235,0.9121646881103516,0.9720876812934875,0.9785090684890748,0.9581056237220764,0.967526912689209,0.8189056515693665,0.9884936213493348,0.9744889736175536,0.9687498211860656,0.988114058971405,0.980771005153656,0.885447084903717,0.947762966156006,0.9820676445961,0.9568750262260436,0.9895766377449036,0.9852287769317628,0.9876808524131776,75.36231884,52.0
Wipro,2014,0.9700623750686646,0.9901766777038574,0.9787953495979308,0.9844624400138856,0.8458411693572998,0.891211986541748,0.9175463318824768,0.9226309657096864,0.8689892292022705,0.9753673672676086,0.9301257133483888,0.9674206972122192,0.96793794631958,0.961994171142578,0.9745299220085144,0.903331458568573,0.8608875870704651,0.9804314374923706,0.9867965579032898,0.8640310764312744,0.9573833346366882,0.9624953866004944,0.9185163974761964,0.8706135153770447,0.9920238256454468,0.9708189964294434,0.9204134941101074,0.6938096880912781,0.9736469984054564,0.907257914543152,0.9506229758262634,0.9610308408737184,0.9736905097961426,0.9611731171607972,0.9821292757987976,0.940074622631073,0.6824260354042053,0.8946135640144348,0.712755024433136,0.993522584438324,0.9612954258918762,0.5601820945739746,0.9728785753250122,0.95084547996521,0.7612344622612,0.8412977457046509,0.9799504280090332,0.9428983926773072,0.8713396191596985,0.8427340984344482,0.7646528482437134,0.8617079257965088,0.9354708790779114,0.9847924709320068,0.8948798179626465,0.8411720991134644,0.741036593914032,0.9737692475318908,0.9745737910270692,0.9487036466598512,0.9842318296432496,0.9789820313453674,0.7932646870613098,0.9341037273406982,0.9921249151229858,0.977228581905365,0.9759441614151,0.9881078600883484,0.9885832667350768,49.27536232,34.0
Wipro,2015,0.9691675901412964,0.9888349771499634,0.9883877635002136,0.9869218468666076,0.8858784437179565,0.8557568192481995,0.949815571308136,0.9736032485961914,0.9372195601463318,0.980092227458954,0.9689186215400696,0.978968620300293,0.9712486863136292,0.9526281952857972,0.987245500087738,0.9261632561683656,0.93023419380188,0.9172866344451904,0.9695655107498168,0.974840760231018,0.9769797325134276,0.9486264586448668,0.9779884815216064,0.8550267815589905,0.9927434921264648,0.9801071882247924,0.9042952060699464,0.9744107723236084,0.982534408569336,0.9794509410858154,0.9698114395141602,0.9668301939964294,0.9829154014587402,0.9619507193565368,0.9791839718818665,0.9796175360679626,0.8311449885368347,0.9457799196243286,0.7699645161628723,0.9912423491477966,0.8935293555259705,0.8616329431533813,0.9711655974388124,0.966147243976593,0.9622278213500975,0.8119200468063354,0.9865249991416932,0.7901034355163574,0.82894366979599,0.9209999442100524,0.7188612222671509,0.9115565419197084,0.925081729888916,0.979022204875946,0.9646063446998596,0.869391679763794,0.7650784850120544,0.963696837425232,0.97112375497818,0.9355068206787108,0.9787399172782898,0.9771356582641602,0.9627214670181274,0.9916917085647584,0.9832484722137452,0.9589068293571472,0.9839012622833252,0.9897366166114808,0.9649302363395692,50.72463768,35.0
Wipro,2016,0.9753247499465942,0.9896721243858336,0.9869611263275146,0.9895551204681396,0.8300994038581848,0.9244850277900696,0.9638980031013488,0.977332353591919,0.9124791622161864,0.9841191172599792,0.9767062067985536,0.9805073738098145,0.9792243838310242,0.9792062044143676,0.9825937747955322,0.940210461616516,0.8855284452438354,0.9721166491508484,0.9438520073890686,0.959937334060669,0.9435412883758544,0.9223418235778807,0.946758270263672,0.8360243439674377,0.9853923916816713,0.9785083532333374,0.828809380531311,0.9395101070404052,0.982951521873474,0.9772688746452332,0.9593917727470398,0.9716686010360718,0.983433485031128,0.9665132761001588,0.9638668298721312,0.9588198065757751,0.88611900806427,0.9563596844673156,0.8796885013580322,0.9954851865768432,0.9579928517341614,0.9536945223808287,0.9662265181541444,0.9662482738494872,0.8620210886001587,0.734204888343811,0.9935171604156494,0.9912854433059692,0.9843189120292664,0.916120946407318,0.6590226292610168,0.9151158332824708,0.968062698841095,0.9785422682762146,0.7818623781204224,0.9212811589241028,0.8050785064697266,0.9712022542953492,0.9728263020515442,0.9687383770942688,0.9828967452049256,0.972152590751648,0.9850580096244812,0.9625498652458192,0.9873706102371216,0.9287348985671996,0.987387239933014,0.9860352873802184,0.9602792859077454,59.42028986,41.0
Wipro,2017,0.9868738055229188,0.9939537048339844,0.988497793674469,0.9868047833442688,0.857180655002594,0.933388352394104,0.9752416610717772,0.9858802556991576,0.9781419038772584,0.9795001149177552,0.9892306327819824,0.9821082949638368,0.9822086691856384,0.9819210171699524,0.9893195629119872,0.9808788299560548,0.916916847229004,0.9682554006576538,0.9695740342140198,0.9648804664611816,0.983881652355194,0.9546713829040528,0.9756969213485718,0.8684960603713989,0.9889222979545592,0.9649762511253356,0.9398228526115416,0.9353708624839784,0.9875598549842834,0.9653210639953612,0.9823632836341858,0.9817801117897034,0.9762998819351196,0.9645243883132936,0.9731443524360656,0.9529847502708436,0.9467650055885316,0.9760809540748596,0.9405030608177184,0.993949055671692,0.9658337235450744,0.9173678755760192,0.9654120802879332,0.9596735835075378,0.9266520142555236,0.5507602691650391,0.99489825963974,0.8970292806625366,0.9850845336914062,0.9583980441093444,0.8951244950294495,0.93388432264328,0.9299753904342652,0.9600585103034972,0.8037900924682617,0.9443778395652772,0.7962490916252136,0.9891239404678344,0.9737769961357116,0.9794365167617798,0.9875913262367249,0.9396342039108276,0.9820891618728638,0.968185007572174,0.9672819972038268,0.968510627746582,0.9887689352035522,0.9909814596176147,0.9795383810997008,59.42028986,41.0
Wipro,2018,0.9724555611610411,0.9919424653053284,0.9881981611251832,0.9872586727142334,0.891474723815918,0.9495015740394592,0.9557282328605652,0.981863796710968,0.9092500805854796,0.9825427532196044,0.979930579662323,0.9811382293701172,0.9859499335289,0.9488868117332458,0.989256739616394,0.9294664859771729,0.9529205560684204,0.9880675673484802,0.964495062828064,0.971614956855774,0.9855258464813232,0.9455612301826476,0.9454724788665771,0.8710399270057678,0.9908547401428224,0.974595546722412,0.954212486743927,0.9253054857254028,0.9869977831840516,0.9805132150650024,0.9737454652786256,0.9800483584403992,0.976426124572754,0.9552390575408936,0.9859914779663086,0.9284481406211852,0.9059884548187256,0.982106864452362,0.9838829636573792,0.996198832988739,0.937042772769928,0.8663188815116882,0.9606290459632874,0.9751110672950744,0.8230825662612915,0.8572530746459961,0.9953628182411194,0.9867156147956848,0.9751927852630616,0.934820592403412,0.902819275856018,0.9034793972969056,0.9423561096191406,0.9826650023460388,0.831405520439148,0.7501830458641052,0.7793042659759521,0.9895024299621582,0.9789164662361144,0.9621367454528807,0.9882931113243104,0.9798344969749452,0.9772584438323976,0.9636497497558594,0.9859334230422974,0.9208601713180542,0.9886165261268616,0.9929646849632264,0.9829325675964355,56.52173913,39.0
