company,year,score_q1,score_q2,score_q3,score_q4,score_q5,score_q6,score_q7,score_q8,score_q9,score_q10,score_q11,score_q12,score_q13,score_q14,score_q15,score_q16,score_q17,score_q18,score_q19,score_q20,score_q21,score_q22,score_q23,score_q24,score_q25,score_q26,score_q27,score_q28,score_q29,score_q30,score_q31,score_q32,score_q33,score_q34,score_q35,score_q36,score_q37,score_q38,score_q39,score_q40,score_q41,score_q42,score_q43,score_q44,score_q45,score_q46,score_q47,score_q48,score_q49,score_q50,score_q51,score_q52,score_q53,score_q54,score_q55,score_q56,score_q57,score_q58,score_q59,score_q60,score_q61,score_q62,score_q63,score_q64,score_q65,score_q66,score_q67,score_q68,score_q69
Tata Motors,2015,0.9704523682594299,0.9901168346405029,0.9866449236869812,0.9906026124954224,0.9604310989379883,0.9555045962333679,0.9578427076339722,0.983121395111084,0.9747051000595093,0.9313934445381165,0.9551703929901123,0.9856963753700256,0.9896714091300964,0.9482259750366211,0.9867546558380127,0.9252588152885437,0.9848422408103943,0.9480693340301514,0.9051021337509155,0.9863318800926208,0.9006971716880798,0.927941083908081,0.9606044888496399,0.9103749990463257,0.9833453893661499,0.975978672504425,0.874252200126648,0.9884717464447021,0.9892413020133972,0.976775050163269,0.9861597418785095,0.9570184946060181,0.9839004278182983,0.9192230105400085,0.9719681143760681,0.9738287925720215,0.9475125074386597,0.9485244750976562,0.8886952996253967,0.994916558265686,0.9849476218223572,0.8601028323173523,0.9638484716415405,0.9655740261077881,0.9458450078964233,0.6003109216690063,0.9899640083312988,0.9183586239814758,0.9792858958244324,0.9656105041503906,0.5887405276298523,0.9321645498275757,0.9839121103286743,0.9782719612121582,0.9725869297981262,0.9636500477790833,0.9142909049987793,0.9903639554977417,0.9652535915374756,0.979642391204834,0.9856510758399963,0.9632840156555176,0.8588758707046509,0.9845411777496338,0.9872788190841675,0.898331880569458,0.9921536445617676,0.9557660818099976,0.9894391894340515
Coal India,2015,0.9805569052696228,0.9840315580368042,0.9907443523406982,0.9845525026321411,0.9079111218452454,0.969815731048584,0.9373798370361328,0.9708329439163208,0.9061552882194519,0.9680516123771667,0.9711949229240417,0.9658093452453613,0.9736999869346619,0.9638599753379822,0.9831002354621887,0.9709789752960205,0.9468189477920532,0.9560834169387817,0.9585971832275391,0.9689180254936218,0.9043327569961548,0.9231882691383362,0.9260988235473633,0.830040454864502,0.9869480729103088,0.9511258006095886,0.9308333992958069,0.7658101916313171,0.9548560380935669,0.9569258689880371,0.9505928158760071,0.9426092505455017,0.972976565361023,0.8947004675865173,0.9476000070571899,0.965094268321991,0.8609151244163513,0.9268842339515686,0.776664137840271,0.99494469165802,0.9425398707389832,0.883189857006073,0.9808939695358276,0.9691048264503479,0.7473263740539551,0.6300700902938843,0.993553102016449,0.7736127376556396,0.9872740507125854,0.8853406310081482,0.534415602684021,0.9619828462600708,0.9468958973884583,0.9923323392868042,0.8759592771530151,0.8363655805587769,0.8453893661499023,0.9190232157707214,0.9810997247695923,0.9496455192565918,0.983635425567627,0.9370453357696533,0.837071418762207,0.9877369999885559,0.9789108037948608,0.8636888265609741,0.974502444267273,0.9403036236763,0.952997088432312
ONGC,2018,0.9742342829704285,0.9865887761116028,0.9916173219680786,0.9854639172554016,0.9393272399902344,0.9660189747810364,0.9527950286865234,0.9633491635322571,0.9537606835365295,0.9781404137611389,0.9787346124649048,0.9734377264976501,0.976044774055481,0.9630714654922485,0.9829221963882446,0.8967702984809875,0.9696418046951294,0.9680675268173218,0.9896157383918762,0.9894623160362244,0.966769814491272,0.9184877276420593,0.9089704751968384,0.9063814878463745,0.990763783454895,0.9892448782920837,0.914553701877594,0.9846320152282715,0.983038604259491,0.9801883101463318,0.9624800086021423,0.9726657271385193,0.9756558537483215,0.9032152891159058,0.954111635684967,0.9533452391624451,0.9368685483932495,0.9570059776306152,0.8531253933906555,0.9897385239601135,0.9491834044456482,0.8396764397621155,0.9741870164871216,0.9471863508224487,0.8235888481140137,0.6677088141441345,0.9817319512367249,0.9108645915985107,0.9934045672416687,0.9141782522201538,0.3422878384590149,0.9317396283149719,0.9191954135894775,0.9922810196876526,0.9436780214309692,0.9591310024261475,0.803229808807373,0.9849903583526611,0.9886565804481506,0.9601312279701233,0.9797475934028625,0.962041974067688,0.8615680932998657,0.9602107405662537,0.9805768728256226,0.9658712148666382,0.9625532031059265,0.9839575290679932,0.9761444330215454
ITC,2014,0.9768187999725342,0.9923432469367981,0.993707001209259,0.987234354019165,0.9619905352592468,0.9669248461723328,0.9562477469444275,0.9841306805610657,0.9401568174362183,0.9800562858581543,0.9811074137687683,0.9854947328567505,0.9820030331611633,0.9488494992256165,0.9893966913223267,0.9807379245758057,0.9513089060783386,0.8083622455596924,0.9530140161514282,0.9738298058509827,0.8851161599159241,0.8870412111282349,0.8888529539108276,0.899145245552063,0.9798884987831116,0.9831967949867249,0.8969322443008423,0.9483187794685364,0.9783664345741272,0.9714721441268921,0.9425274729728699,0.9450423717498779,0.9771255850791931,0.9301910400390625,0.9415388107299805,0.9728530645370483,0.9620457887649536,0.9827824831008911,0.8130248785018921,0.9959460496902466,0.9833706021308899,0.953009307384491,0.9791818261146545,0.9674504399299622,0.8470310568809509,0.5996973514556885,0.9836316108703613,0.8346117734909058,0.9008760452270508,0.969441831111908,0.6257392168045044,0.9189469218254089,0.9676143527030945,0.9814475774765015,0.9689722061157227,0.9417017102241516,0.8626859784126282,0.9802572131156921,0.971280574798584,0.979071855545044,0.9924954771995544,0.983704149723053,0.7741366028785706,0.977768063545227,0.9736484289169312,0.9016634225845337,0.956947922706604,0.9805993437767029,0.9705526828765869
Infosys,2015,0.9743303656578064,0.9887313842773438,0.9866937398910522,0.9889343976974487,0.9560497403144836,0.9472424983978271,0.9684102535247803,0.9765810966491699,0.9593055248260498,0.9836254715919495,0.9623330235481262,0.9693857431411743,0.9771059155464172,0.9432098269462585,0.9856149554252625,0.9447778463363647,0.9361662864685059,0.949920117855072,0.9784281849861145,0.8977149724960327,0.8536129593849182,0.9312930107116699,0.8651071190834045,0.8688199520111084,0.9932888746261597,0.96760094165802,0.9252662062644958,0.9684419631958008,0.9842903017997742,0.9842868447303772,0.9891546368598938,0.9638735055923462,0.9700613617897034,0.9604030251502991,0.9861038327217102,0.9546769261360168,0.9390939474105835,0.9724752306938171,0.7969262599945068,0.99179607629776,0.9636251330375671,0.862032949924469,0.9679338335990906,0.971169650554657,0.8942676782608032,0.6277201771736145,0.9878856539726257,0.785490870475769,0.8981243371963501,0.866186797618866,0.8756785988807678,0.8465186953544617,0.9222078323364258,0.9769870042800903,0.9053918719291687,0.7962852716445923,0.7293465733528137,0.9659907817840576,0.9642916917800903,0.9585062265396118,0.9822378158569336,0.9832472205162048,0.8229319453239441,0.9938817024230957,0.9910460710525513,0.9805173873901367,0.9769721627235413,0.9781701564788818,0.9801554679870605
Infosys,2014,0.9804134964942932,0.9901677966117859,0.9857912063598633,0.9829297065734863,0.942527711391449,0.9455164074897766,0.9493460655212402,0.9857707619667053,0.9028938412666321,0.9814135432243347,0.949351966381073,0.973349392414093,0.9720286726951599,0.9612135887145996,0.9852184653282166,0.9547093510627747,0.9655495882034302,0.9718571901321411,0.9774121046066284,0.9317777752876282,0.8338435292243958,0.9144476652145386,0.8673121333122253,0.7504721879959106,0.9836538434028625,0.9679989814758301,0.8483316898345947,0.9745836853981018,0.9735825657844543,0.9700102210044861,0.9895687699317932,0.9559802412986755,0.9849210381507874,0.9594411849975586,0.9773971438407898,0.9707096815109253,0.9223869442939758,0.9825454354286194,0.7739163041114807,0.9924780130386353,0.9534052610397339,0.8571131825447083,0.9640467166900635,0.9703543782234192,0.8003401160240173,0.6418152451515198,0.9967963099479675,0.8177303671836853,0.8310133814811707,0.9316150546073914,0.4724239110946655,0.884680449962616,0.9213662147521973,0.963862419128418,0.8439138531684875,0.6596984267234802,0.6405298113822937,0.9655452966690063,0.9716688394546509,0.9431696534156799,0.9801769852638245,0.9805883169174194,0.8952685594558716,0.9690935015678406,0.9871249198913574,0.9560206532478333,0.9573706984519958,0.9739482402801514,0.9875933527946472
Tata Motors,2016,0.9831580519676208,0.9905441403388977,0.9926230907440186,0.9875961542129517,0.9277711510658264,0.9495169520378113,0.9776738882064819,0.9839903116226196,0.9816908240318298,0.9839817881584167,0.9659136533737183,0.9843391180038452,0.9872198104858398,0.9796409606933594,0.9874352812767029,0.9775460958480835,0.9829491376876831,0.8744864463806152,0.9652814269065857,0.9726578593254089,0.8854886889457703,0.9596869349479675,0.930875301361084,0.9101774096488953,0.9889019727706909,0.9754018783569336,0.9559620022773743,0.9867991805076599,0.9867838025093079,0.9817776679992676,0.9802587032318115,0.9651111960411072,0.9783592820167542,0.9363774061203003,0.9824045896530151,0.9334366321563721,0.9805826544761658,0.9647774696350098,0.9056664109230042,0.9965338110923767,0.982527494430542,0.9465749263763428,0.9509049654006958,0.952687680721283,0.8850799202919006,0.6905637979507446,0.9954363703727722,0.7868150472640991,0.9861757755279541,0.9712696075439453,0.475618839263916,0.9254381060600281,0.9460256099700928,0.9956851601600647,0.8256804943084717,0.9536845088005066,0.8206101655960083,0.9926022887229919,0.9713096022605896,0.9699413180351257,0.9814438819885254,0.9677977561950684,0.880436897277832,0.9929535388946533,0.9860995411872864,0.9483819603919983,0.9902601838111877,0.9878657460212708,0.9898289442062378
Bharti Airtel,2015,0.9837597012519836,0.9847691655158997,0.9919862747192383,0.9886371493339539,0.9037931561470032,0.9581319093704224,0.9654918909072876,0.989417314529419,0.9535530209541321,0.9822899699211121,0.9711609482765198,0.9912463426589966,0.9890698194503784,0.9693346619606018,0.9830961227416992,0.9396829009056091,0.9781978726387024,0.962101936340332,0.9779102802276611,0.9443318247795105,0.9289790987968445,0.9238235354423523,0.8581756353378296,0.8517799377441406,0.9922386407852173,0.9250685572624207,0.8908237218856812,0.9716082215309143,0.9871112704277039,0.9838645458221436,0.930385172367096,0.9270616769790649,0.9625870585441589,0.9295075535774231,0.9696356058120728,0.9650164246559143,0.9597647190093994,0.9861935973167419,0.6191190481185913,0.9746353626251221,0.9701594710350037,0.738929271697998,0.9536488056182861,0.9623110294342041,0.6976762413978577,0.6920459270477295,0.9961260557174683,0.9198312759399414,0.9909411072731018,0.9398144483566284,0.7992086410522461,0.9137691259384155,0.9585995078086853,0.980099618434906,0.76130211353302,0.7836591005325317,0.7761058807373047,0.9773166179656982,0.9835839867591858,0.9706626534461975,0.9840379953384399,0.9673824906349182,0.9614904522895813,0.9659799933433533,0.9451795816421509,0.9550261497497559,0.972629725933075,0.9875509738922119,0.9589111804962158
HUL,2018,0.9792174100875854,0.9801211953163147,0.9925251603126526,0.9899163842201233,0.9674398303031921,0.9727733731269836,0.9585405588150024,0.9823483824729919,0.975418210029602,0.9648067355155945,0.9685342311859131,0.9824181795120239,0.9774119257926941,0.9735617637634277,0.9877930283546448,0.9744653105735779,0.9409009218215942,0.8612983226776123,0.9640704393386841,0.9349351525306702,0.9515712857246399,0.9071357250213623,0.8216475248336792,0.7482946515083313,0.9846593141555786,0.91389000415802,0.715107798576355,0.8930922150611877,0.9911061525344849,0.9741221070289612,0.9264858365058899,0.9345769882202148,0.8978472352027893,0.8425676226615906,0.9684070348739624,0.9049666523933411,0.9861577749252319,0.9810886383056641,0.8428855538368225,0.9860285520553589,0.9613073468208313,0.6400272250175476,0.95792555809021,0.9945224523544312,0.9889823198318481,0.6765143275260925,0.9932564496994019,0.9632036089897156,0.989911675453186,0.9629174470901489,0.7371068000793457,0.9183352589607239,0.9396389126777649,0.9884935021400452,0.922067403793335,0.6914095878601074,0.7121475338935852,0.9756016135215759,0.9916970729827881,0.9953851699829102,0.9850796461105347,0.9686664938926697,0.8291603922843933,0.9724001884460449,0.985312283039093,0.9419665336608887,0.9850308895111084,0.9835580587387085,0.9240456819534302
ONGC,2017,0.9803765416145325,0.9856085777282715,0.9904115796089172,0.9914197325706482,0.9337838888168335,0.9795472621917725,0.9554388523101807,0.9814302921295166,0.953201174736023,0.9468643665313721,0.9697984457015991,0.9910284280776978,0.9915289282798767,0.976058304309845,0.9800448417663574,0.9195733666419983,0.9847618937492371,0.9411453008651733,0.9899620413780212,0.9859076738357544,0.9344346523284912,0.931614339351654,0.9051400423049927,0.9211775660514832,0.9893211722373962,0.9711875319480896,0.907059907913208,0.9857691526412964,0.9778728485107422,0.9866582751274109,0.9535320401191711,0.9576584696769714,0.9602896571159363,0.9694514870643616,0.9761603474617004,0.8861490488052368,0.9387516975402832,0.9675073027610779,0.8959610462188721,0.9946701526641846,0.9756597876548767,0.873998761177063,0.9836259484291077,0.9583794474601746,0.8792620301246643,0.6509932279586792,0.9862887859344482,0.921624481678009,0.9782803654670715,0.9178961515426636,0.6125912666320801,0.9556532502174377,0.9395751953125,0.9761853218078613,0.9160553812980652,0.8542817831039429,0.859106719493866,0.9845285415649414,0.9828667640686035,0.9614353179931641,0.9789155125617981,0.9565114974975586,0.8925725221633911,0.9500414133071899,0.9714616537094116,0.866676926612854,0.9594604969024658,0.986432671546936,0.9509957432746887
RIL,2018,0.989506721496582,0.9931997060775757,0.9930946230888367,0.994549036026001,0.981184184551239,0.9864176511764526,0.9787440299987793,0.9869868159294128,0.9819880723953247,0.9907639026641846,0.9514744281768799,0.9912693500518799,0.992456316947937,0.9832537770271301,0.9938035011291504,0.9707761406898499,0.9754500389099121,0.8863028287887573,0.9785441160202026,0.9904077649116516,0.9701188206672668,0.9571430683135986,0.9215001463890076,0.9580471515655518,0.9890116453170776,0.9793069958686829,0.9752936363220215,0.912095844745636,0.9834522604942322,0.987277090549469,0.960749089717865,0.9518169164657593,0.9795376658439636,0.8717890977859497,0.9804537892341614,0.9756066203117371,0.9884926080703735,0.9854610562324524,0.920174241065979,0.995783805847168,0.9829867482185364,0.9043763279914856,0.9524765610694885,0.9768049120903015,0.9191336631774902,0.7938460111618042,0.929099977016449,0.9513782262802124,0.9753764867782593,0.9762914180755615,0.4924450218677521,0.9251859784126282,0.956095814704895,0.9853965044021606,0.8675161004066467,0.9097484350204468,0.8482370972633362,0.9861278533935547,0.9757612943649292,0.9766840934753418,0.9881839752197266,0.9750816226005554,0.830865740776062,0.9883502721786499,0.9737549424171448,0.9575294852256775,0.982766330242157,0.9846756458282471,0.9832214117050171
ONGC,2014,0.9657419323921204,0.9878241419792175,0.9924606680870056,0.9812783598899841,0.9069781303405762,0.9486862421035767,0.94367915391922,0.9834888577461243,0.9499720931053162,0.9842575192451477,0.9895506501197815,0.9832413196563721,0.9826323986053467,0.9671734571456909,0.9887493848800659,0.8989084362983704,0.9606816172599792,0.9463983774185181,0.9646586775779724,0.9707693457603455,0.9735346436500549,0.9320422410964966,0.9629455208778381,0.9481332302093506,0.9692261219024658,0.9388288855552673,0.9067640900611877,0.9573197364807129,0.9900043606758118,0.9827359914779663,0.9661683440208435,0.9613200426101685,0.8821516633033752,0.9013916254043579,0.9786436557769775,0.9642746448516846,0.9325482249259949,0.9632916450500488,0.9020474553108215,0.9936812520027161,0.9558132290840149,0.7986724376678467,0.9563162326812744,0.9565033316612244,0.8768296241760254,0.6231910586357117,0.9628505110740662,0.7544801235198975,0.9609236121177673,0.9027355909347534,0.4362999200820923,0.9279677867889404,0.9197262525558472,0.9827561974525452,0.8517197370529175,0.8440410494804382,0.8178377747535706,0.9637454152107239,0.9824445247650146,0.9564443826675415,0.9779204726219177,0.984269917011261,0.9748554825782776,0.9666579961776733,0.9869406819343567,0.8562940955162048,0.9760837554931641,0.9759706258773804,0.950366199016571
ITC,2015,0.972368597984314,0.9900943636894226,0.9902072548866272,0.9817616939544678,0.955204963684082,0.9545987248420715,0.9778688549995422,0.9639325141906738,0.9454900026321411,0.979250967502594,0.9849947094917297,0.9786355495452881,0.9748778343200684,0.9609174132347107,0.9902413487434387,0.890841007232666,0.9257038831710815,0.8600393533706665,0.9611404538154602,0.9245375394821167,0.876671552658081,0.9263491630554199,0.8990405797958374,0.8318935036659241,0.9835440516471863,0.9888840913772583,0.8459818959236145,0.9512945413589478,0.9849294424057007,0.9392847418785095,0.9507393836975098,0.9434452652931213,0.971839964389801,0.9320436120033264,0.9585670828819275,0.9294471144676208,0.948392391204834,0.9800420999526978,0.7707266211509705,0.9943734407424927,0.9865046143531799,0.8855767250061035,0.9784719347953796,0.9621687531471252,0.8464145660400391,0.6371376514434814,0.9832074642181396,0.907774031162262,0.944025993347168,0.9602940678596497,0.8611125349998474,0.908804178237915,0.9711326956748962,0.9788714051246643,0.7869821786880493,0.9542137980461121,0.7879540920257568,0.9760433435440063,0.9763214588165283,0.9645744562149048,0.9858638644218445,0.9831542372703552,0.8397276997566223,0.9821742177009583,0.9777344465255737,0.9027631878852844,0.9625025391578674,0.985496461391449,0.9455236792564392
Infosys,2016,0.9742000699043274,0.9850932359695435,0.9863086342811584,0.9807193875312805,0.8452194333076477,0.9493643045425415,0.9544460773468018,0.9702542424201965,0.9797374606132507,0.9594112038612366,0.9416570663452148,0.9846097230911255,0.9754242897033691,0.9690855145454407,0.9807859063148499,0.9140753149986267,0.9509321451187134,0.9683696031570435,0.961719274520874,0.9335491061210632,0.9154447317123413,0.9095064997673035,0.8640811443328857,0.8114018440246582,0.9919912815093994,0.9661681652069092,0.8310537338256836,0.9819497466087341,0.9820160865783691,0.9602556824684143,0.9817020893096924,0.9685743451118469,0.9834746718406677,0.9463687539100647,0.9764875173568726,0.9902198314666748,0.8699784278869629,0.9785460829734802,0.8728160262107849,0.9801828861236572,0.9431106448173523,0.9473156332969666,0.9603173732757568,0.975344717502594,0.966884970664978,0.8141522407531738,0.9918259382247925,0.7549555897712708,0.943375289440155,0.8775700926780701,0.9046995639801025,0.907570481300354,0.9433274865150452,0.98533695936203,0.7910851240158081,0.7616380453109741,0.7489043474197388,0.9852780103683472,0.9417867660522461,0.9496375918388367,0.973983883857727,0.9794381856918335,0.9364217519760132,0.9941613078117371,0.9883224964141846,0.9200810194015503,0.9754337072372437,0.9784070253372192,0.9826979637145996
ONGC,2015,0.9675037264823914,0.9821434617042542,0.9933933615684509,0.9803141951560974,0.9186404347419739,0.9576919674873352,0.9709901213645935,0.9693229794502258,0.9457044005393982,0.9715801477432251,0.9423776268959045,0.9791459441184998,0.9813621640205383,0.9723860621452332,0.9813862442970276,0.8964204788208008,0.9590632915496826,0.9575881958007812,0.9686251282691956,0.9672937989234924,0.9759359955787659,0.9014233946800232,0.9341578483581543,0.8851052522659302,0.982270359992981,0.9322021007537842,0.9197014570236206,0.9345894455909729,0.9802252054214478,0.9759520888328552,0.9514923095703125,0.9503369927406311,0.965739905834198,0.9189488291740417,0.9606914520263672,0.9233796000480652,0.9338540434837341,0.9567963480949402,0.8843386173248291,0.9945017695426941,0.9662063121795654,0.8525614738464355,0.9682566523551941,0.9736020565032959,0.8771823048591614,0.5839486718177795,0.9540731906890869,0.8212657570838928,0.9790393114089966,0.9377281069755554,0.40908151865005493,0.889762282371521,0.9448894262313843,0.9847086071968079,0.8080561757087708,0.8079637885093689,0.7915501594543457,0.9158156514167786,0.978874921798706,0.9533585906028748,0.9808995723724365,0.982403039932251,0.8799745440483093,0.9369353652000427,0.9821379780769348,0.9402121305465698,0.9706233739852905,0.9618155360221863,0.9474207162857056
Infosys,2018,0.9883105754852295,0.9900323748588562,0.990142285823822,0.9902918338775635,0.8430699706077576,0.962528645992279,0.9576786756515503,0.9575707316398621,0.9460916519165039,0.9767263531684875,0.9682047367095947,0.9727595448493958,0.9718419313430786,0.9633907675743103,0.990045428276062,0.9123967289924622,0.8967698812484741,0.961257815361023,0.9786522388458252,0.9294776916503906,0.9883310794830322,0.9185871481895447,0.953181803226471,0.8086693286895752,0.9896189570426941,0.8702548146247864,0.8800285458564758,0.9811245203018188,0.9844894409179688,0.9810277223587036,0.9807173013687134,0.9729449152946472,0.9770932197570801,0.9547879695892334,0.9818810820579529,0.9369624853134155,0.9165813326835632,0.9734270572662354,0.7789679765701294,0.9926435351371765,0.9600627422332764,0.8761658072471619,0.9869657754898071,0.9531662464141846,0.938407301902771,0.5875260233879089,0.9892194271087646,0.9876857399940491,0.9817776679992676,0.9639883637428284,0.5480442643165588,0.8792237639427185,0.9602578282356262,0.9825431108474731,0.8013651967048645,0.7151073217391968,0.7999408841133118,0.9751350283622742,0.9670393466949463,0.9391437768936157,0.9863724112510681,0.9753351211547852,0.9226789474487305,0.9688326120376587,0.9781044721603394,0.9843087196350098,0.9834626317024231,0.9890578985214233,0.9293108582496643
Coal India,2016,0.979624330997467,0.988797128200531,0.990593671798706,0.987335205078125,0.8977230787277222,0.983561635017395,0.9563366174697876,0.9610897302627563,0.9578902125358582,0.9831814169883728,0.9725412726402283,0.9651340842247009,0.9525190591812134,0.9604761004447937,0.9858664274215698,0.9612089991569519,0.9575690627098083,0.8982332348823547,0.98643559217453,0.9836199283599854,0.864336371421814,0.8099848031997681,0.9113684296607971,0.7511875033378601,0.9678848385810852,0.9411132335662842,0.9033870100975037,0.7288860082626343,0.9485121369361877,0.9713659882545471,0.916253387928009,0.9684537649154663,0.9818375110626221,0.9677649140357971,0.946247398853302,0.9518007040023804,0.7913128733634949,0.9200176000595093,0.8774615526199341,0.9924407005310059,0.9709604382514954,0.8045957088470459,0.9813951849937439,0.9493050575256348,0.8012980222702026,0.7296916842460632,0.9906643033027649,0.7741482257843018,0.9854723811149597,0.9381796717643738,0.6432849168777466,0.8447286486625671,0.9461148381233215,0.9717394113540649,0.8081832528114319,0.7323597073554993,0.8137309551239014,0.9333258867263794,0.984014093875885,0.9456321597099304,0.9854576587677002,0.9576149582862854,0.8203837871551514,0.9907333850860596,0.9872250556945801,0.8079546689987183,0.9623973965644836,0.9578699469566345,0.9764567017555237
Tata Motors,2017,0.9897123575210571,0.9916448593139648,0.990318775177002,0.9895662069320679,0.9423221349716187,0.9840587973594666,0.9524391889572144,0.9751489758491516,0.9679709672927856,0.9787558913230896,0.986765444278717,0.9855380058288574,0.9870671033859253,0.9720334410667419,0.9892269968986511,0.9799324870109558,0.9720476269721985,0.9573308229446411,0.9708119034767151,0.9893943667411804,0.9817798733711243,0.9545931816101074,0.9228308200836182,0.939533531665802,0.9858728647232056,0.9625759124755859,0.8640172481536865,0.9805063009262085,0.990480899810791,0.9875413775444031,0.9511229395866394,0.9552820324897766,0.9850428104400635,0.9234492182731628,0.9766222834587097,0.975949764251709,0.9801743030548096,0.9804121851921082,0.9163873195648193,0.9957547187805176,0.9870699644088745,0.9738064408302307,0.9655495882034302,0.968112587928772,0.9196513891220093,0.7132964134216309,0.9931720495223999,0.8433852195739746,0.9888411164283752,0.972958505153656,0.5502243041992188,0.9354965686798096,0.9671863913536072,0.9784079790115356,0.9622985124588013,0.9372841715812683,0.8678253293037415,0.9899513721466064,0.9898303151130676,0.9819195866584778,0.986017644405365,0.9863604307174683,0.8589536547660828,0.9631901979446411,0.9881258606910706,0.9192407727241516,0.9883491396903992,0.9838111400604248,0.976296603679657
TCS,2016,0.9712645411491394,0.9764729142189026,0.9827014803886414,0.9810567498207092,0.9070813655853271,0.9429908394813538,0.9375739097595215,0.9724333882331848,0.938423752784729,0.9806007742881775,0.9691813588142395,0.9863740801811218,0.9893972873687744,0.9370086193084717,0.9823691844940186,0.9055831432342529,0.9677708148956299,0.8893030285835266,0.9248769283294678,0.9564083814620972,0.9658637046813965,0.9138888716697693,0.9222711324691772,0.8740746974945068,0.9770408272743225,0.9477683305740356,0.8631612658500671,0.9540335536003113,0.99065101146698,0.9847965240478516,0.9699733853340149,0.9509892463684082,0.9753660559654236,0.9656679034233093,0.9687130451202393,0.8974850177764893,0.8908601999282837,0.9801912903785706,0.8382400274276733,0.9962178468704224,0.9092069864273071,0.8487064838409424,0.9632353186607361,0.9524169564247131,0.885643720626831,0.6971297264099121,0.996229350566864,0.8447509407997131,0.9869467616081238,0.9124329090118408,0.6175382137298584,0.939980685710907,0.9148085117340088,0.9733323454856873,0.8304409384727478,0.7774122953414917,0.8579385876655579,0.9587277770042419,0.9645113348960876,0.9492089748382568,0.9864959120750427,0.9632159471511841,0.7736892104148865,0.9857457876205444,0.9936122298240662,0.9816224575042725,0.9792281985282898,0.9833773970603943,0.9437289237976074
Wipro,2014,0.9700623750686646,0.9901766777038574,0.9787953495979309,0.9844624400138855,0.8458411693572998,0.891211986541748,0.9175463318824768,0.9226309657096863,0.8689892292022705,0.9753673672676086,0.9301257133483887,0.9674206972122192,0.9679379463195801,0.9619941711425781,0.9745299220085144,0.903331458568573,0.8608875870704651,0.9804314374923706,0.9867965579032898,0.8640310764312744,0.9573833346366882,0.9624953866004944,0.9185163974761963,0.8706135153770447,0.9920238256454468,0.9708189964294434,0.9204134941101074,0.6938096880912781,0.9736469984054565,0.9072579145431519,0.9506229758262634,0.9610308408737183,0.9736905097961426,0.9611731171607971,0.9821292757987976,0.940074622631073,0.6824260354042053,0.8946135640144348,0.712755024433136,0.993522584438324,0.9612954258918762,0.5601820945739746,0.9728785753250122,0.95084547996521,0.7612344622612,0.8412977457046509,0.9799504280090332,0.9428983926773071,0.8713396191596985,0.8427340984344482,0.7646528482437134,0.8617079257965088,0.9354708790779114,0.9847924709320068,0.8948798179626465,0.8411720991134644,0.741036593914032,0.9737692475318909,0.9745737910270691,0.9487036466598511,0.9842318296432495,0.9789820313453674,0.7932646870613098,0.9341037273406982,0.9921249151229858,0.977228581905365,0.9759441614151001,0.9881078600883484,0.9885832667350769
RIL,2014,0.9906206130981445,0.9910213947296143,0.9905558228492737,0.9927223324775696,0.9636684060096741,0.9885669946670532,0.9495763778686523,0.9865795373916626,0.9534908533096313,0.9843523502349854,0.9719698429107666,0.9827784895896912,0.9850441217422485,0.9715719819068909,0.9857631325721741,0.9360323548316956,0.9574033617973328,0.937053918838501,0.9596188068389893,0.9895620346069336,0.8876722455024719,0.9547940492630005,0.9362934231758118,0.9101699590682983,0.9784609079360962,0.9730088710784912,0.8886215686798096,0.9555667638778687,0.9837936758995056,0.9825078248977661,0.945735514163971,0.936776876449585,0.9736367464065552,0.9620327353477478,0.9657990336418152,0.9742379784584045,0.9838102459907532,0.9780852198600769,0.8120157718658447,0.9945088028907776,0.9906414747238159,0.8845700025558472,0.9743497967720032,0.989779531955719,0.8775064945220947,0.7919583916664124,0.9296053647994995,0.8608465194702148,0.9490557312965393,0.9152899980545044,0.652125895023346,0.9604702591896057,0.965840220451355,0.9755129218101501,0.8995459079742432,0.9508901238441467,0.9010868668556213,0.9781869053840637,0.9403858184814453,0.9774258136749268,0.983224630355835,0.9600530862808228,0.8433672189712524,0.9782941937446594,0.9824075698852539,0.9820076823234558,0.9871326088905334,0.9858402013778687,0.9843207001686096
RIL,2017,0.9874508380889893,0.9909849762916565,0.995589554309845,0.9908627867698669,0.9808127284049988,0.9804233908653259,0.9787355065345764,0.9862213730812073,0.9804427623748779,0.9903543591499329,0.9850368499755859,0.989307165145874,0.9876567125320435,0.9768729209899902,0.9907500743865967,0.9296114444732666,0.9706134796142578,0.9068745374679565,0.9687005281448364,0.9853002429008484,0.9736356735229492,0.9648916125297546,0.9396315813064575,0.9640659689903259,0.9944248199462891,0.9786397814750671,0.9108947515487671,0.8378074765205383,0.9838429689407349,0.9854823350906372,0.9405734539031982,0.9688509106636047,0.987554132938385,0.897240936756134,0.9800458550453186,0.9660487771034241,0.9836863875389099,0.9896926283836365,0.9217129349708557,0.9957308173179626,0.9924193620681763,0.8849073052406311,0.9468823671340942,0.9952840805053711,0.8462383151054382,0.9329099059104919,0.9640920758247375,0.9348596930503845,0.9914998412132263,0.9684726595878601,0.5348351001739502,0.9552868604660034,0.9732475876808167,0.990291178226471,0.9360763430595398,0.8508158326148987,0.9138953685760498,0.9872596859931946,0.9770269393920898,0.9887524247169495,0.9933092594146729,0.9684274792671204,0.9301015734672546,0.9901592135429382,0.9760744571685791,0.9758565425872803,0.956628680229187,0.9740458130836487,0.963024914264679
Wipro,2017,0.9868738055229187,0.9939537048339844,0.988497793674469,0.9868047833442688,0.857180655002594,0.933388352394104,0.9752416610717773,0.9858802556991577,0.9781419038772583,0.9795001149177551,0.9892306327819824,0.9821082949638367,0.9822086691856384,0.9819210171699524,0.9893195629119873,0.9808788299560547,0.9169168472290039,0.9682554006576538,0.9695740342140198,0.9648804664611816,0.9838816523551941,0.9546713829040527,0.9756969213485718,0.8684960603713989,0.9889222979545593,0.9649762511253357,0.9398228526115417,0.9353708624839783,0.9875598549842834,0.9653210639953613,0.9823632836341858,0.9817801117897034,0.9762998819351196,0.9645243883132935,0.9731443524360657,0.9529847502708435,0.9467650055885315,0.9760809540748596,0.9405030608177185,0.9939490556716919,0.9658337235450745,0.9173678755760193,0.9654120802879333,0.9596735835075378,0.9266520142555237,0.5507602691650391,0.99489825963974,0.8970292806625366,0.9850845336914062,0.9583980441093445,0.8951244950294495,0.93388432264328,0.9299753904342651,0.9600585103034973,0.8037900924682617,0.9443778395652771,0.7962490916252136,0.9891239404678345,0.9737769961357117,0.9794365167617798,0.9875913262367249,0.9396342039108276,0.9820891618728638,0.9681850075721741,0.9672819972038269,0.968510627746582,0.9887689352035522,0.9909814596176147,0.9795383810997009
Coal India,2017,0.9883713722229004,0.9870217442512512,0.9944477677345276,0.9898311495780945,0.8885518908500671,0.979080319404602,0.9361813068389893,0.9665009379386902,0.9771235585212708,0.9514137506484985,0.9630733132362366,0.9639766216278076,0.9692871570587158,0.9588668346405029,0.9808201789855957,0.9665003418922424,0.9603297114372253,0.9271801710128784,0.9819966554641724,0.9846076369285583,0.9773788452148438,0.9210699200630188,0.9149577617645264,0.8927556872367859,0.9921445250511169,0.9774919152259827,0.9033579230308533,0.8370329141616821,0.9751294255256653,0.9622600674629211,0.9475943446159363,0.9407317042350769,0.9734914898872375,0.8733105063438416,0.9621865749359131,0.9271758198738098,0.9596214890480042,0.941377580165863,0.928580105304718,0.9932271838188171,0.9583138823509216,0.8601936101913452,0.9694742560386658,0.9636397361755371,0.8486887216567993,0.6009201407432556,0.9919622540473938,0.9190693497657776,0.9906498789787292,0.9751714468002319,0.3926095962524414,0.915618360042572,0.9355447888374329,0.9903230667114258,0.9666538238525391,0.8827650547027588,0.9328833222389221,0.975398600101471,0.9835414886474609,0.9673570990562439,0.9809667468070984,0.977353572845459,0.8988515138626099,0.9418037533760071,0.9737660884857178,0.8711109757423401,0.9775865077972412,0.9788304567337036,0.9307465553283691
Wipro,2015,0.9691675901412964,0.9888349771499634,0.9883877635002136,0.9869218468666077,0.8858784437179565,0.8557568192481995,0.949815571308136,0.9736032485961914,0.9372195601463318,0.9800922274589539,0.9689186215400696,0.978968620300293,0.9712486863136292,0.9526281952857971,0.987245500087738,0.9261632561683655,0.9302341938018799,0.9172866344451904,0.9695655107498169,0.9748407602310181,0.9769797325134277,0.9486264586448669,0.9779884815216064,0.8550267815589905,0.9927434921264648,0.9801071882247925,0.9042952060699463,0.9744107723236084,0.9825344085693359,0.9794509410858154,0.9698114395141602,0.9668301939964294,0.9829154014587402,0.9619507193565369,0.9791839718818665,0.9796175360679626,0.8311449885368347,0.9457799196243286,0.7699645161628723,0.9912423491477966,0.8935293555259705,0.8616329431533813,0.9711655974388123,0.966147243976593,0.9622278213500977,0.8119200468063354,0.9865249991416931,0.7901034355163574,0.82894366979599,0.9209999442100525,0.7188612222671509,0.9115565419197083,0.925081729888916,0.979022204875946,0.9646063446998596,0.869391679763794,0.7650784850120544,0.9636968374252319,0.9711237549781799,0.9355068206787109,0.9787399172782898,0.9771356582641602,0.9627214670181274,0.9916917085647583,0.9832484722137451,0.9589068293571472,0.9839012622833252,0.9897366166114807,0.9649302363395691
Infosys,2017,0.9780507683753967,0.9856024980545044,0.9848458170890808,0.9865250587463379,0.962471067905426,0.9496316313743591,0.9635274410247803,0.9552933573722839,0.9794604182243347,0.9802917838096619,0.9696071743965149,0.9804432392120361,0.9804482460021973,0.9545455574989319,0.9891830682754517,0.9313872456550598,0.9420720934867859,0.9662660360336304,0.9678047895431519,0.9490606188774109,0.9874920845031738,0.9557307362556458,0.9522706866264343,0.7934930324554443,0.9902903437614441,0.846811830997467,0.9303117394447327,0.9752945899963379,0.9809355139732361,0.9714317917823792,0.9611652493476868,0.9724926352500916,0.9709182381629944,0.9776200652122498,0.9657663106918335,0.964592695236206,0.9057102203369141,0.9690809845924377,0.8103790879249573,0.98818039894104,0.9593531489372253,0.7525638341903687,0.9602723121643066,0.9595537781715393,0.9734348654747009,0.7432422637939453,0.9922986030578613,0.9565402269363403,0.9865171909332275,0.9293444752693176,0.6737449169158936,0.9190519452095032,0.9368277788162231,0.9885542988777161,0.88553786277771,0.7516494989395142,0.741401731967926,0.9857766628265381,0.9649882316589355,0.9491710066795349,0.9707247018814087,0.9761826992034912,0.9551123976707458,0.9488823413848877,0.9737182855606079,0.967598557472229,0.9820643067359924,0.988956868648529,0.9619386196136475
Tata Motors,2018,0.9846091270446777,0.9933669567108154,0.9919922947883606,0.9902957677841187,0.9471784234046936,0.9706990122795105,0.952372670173645,0.9885006546974182,0.9743958115577698,0.960437536239624,0.986071765422821,0.9912760257720947,0.990822434425354,0.9619500041007996,0.9852502346038818,0.9678379893302917,0.9710060954093933,0.9130099415779114,0.9684417247772217,0.9905284643173218,0.9756274819374084,0.9765154719352722,0.9668886065483093,0.9366035461425781,0.9868748784065247,0.9089261293411255,0.879643440246582,0.9858636260032654,0.9865222573280334,0.9806990027427673,0.9848289489746094,0.9845870733261108,0.9934461116790771,0.9217329621315002,0.97004634141922,0.9651138782501221,0.9555389881134033,0.9812952280044556,0.976207435131073,0.9947901368141174,0.9825931787490845,0.9340941309928894,0.9628965258598328,0.9783099889755249,0.862385094165802,0.5726439952850342,0.9955579042434692,0.8507704734802246,0.9538750052452087,0.972405731678009,0.5523964166641235,0.9121646881103516,0.9720876812934875,0.9785090684890747,0.9581056237220764,0.967526912689209,0.8189056515693665,0.9884936213493347,0.9744889736175537,0.9687498211860657,0.988114058971405,0.980771005153656,0.885447084903717,0.9477629661560059,0.9820676445960999,0.9568750262260437,0.9895766377449036,0.9852287769317627,0.9876808524131775
Bharti Airtel,2016,0.982844889163971,0.986720860004425,0.9911579489707947,0.9927425980567932,0.8820452690124512,0.9536977410316467,0.9824983477592468,0.9883453249931335,0.9646984934806824,0.9823295474052429,0.9565829634666443,0.9893388152122498,0.9783774614334106,0.9709060788154602,0.9881077408790588,0.9337559938430786,0.9483624696731567,0.9693395495414734,0.9748513102531433,0.9834132790565491,0.9328117370605469,0.9510449171066284,0.9537809491157532,0.985938549041748,0.9891752600669861,0.9721970558166504,0.9353686571121216,0.8661264181137085,0.9874794483184814,0.9714981317520142,0.9506614208221436,0.9792662262916565,0.978236973285675,0.8867055177688599,0.9717440009117126,0.969720721244812,0.9679107666015625,0.9828757047653198,0.6136267781257629,0.9727780222892761,0.9583831429481506,0.9057814478874207,0.9433112740516663,0.9759770631790161,0.7940794825553894,0.7772466540336609,0.994716465473175,0.820883572101593,0.8930680155754089,0.9150902628898621,0.6604788303375244,0.8997328877449036,0.9686381220817566,0.9869229197502136,0.8656567335128784,0.8981558680534363,0.8764598369598389,0.9886044859886169,0.9842783212661743,0.9480761885643005,0.9752836227416992,0.9614893794059753,0.8357097506523132,0.9739221930503845,0.9775353074073792,0.9221243262290955,0.9627284407615662,0.9869686961174011,0.9616726636886597
TCS,2017,0.9630385041236877,0.9789624214172363,0.9825514554977417,0.974901020526886,0.8478670716285706,0.8795512318611145,0.9330964088439941,0.9516406655311584,0.7209737300872803,0.9693121910095215,0.9782058596611023,0.9812596440315247,0.9925546646118164,0.9514945149421692,0.9872321486473083,0.8953580260276794,0.9481745362281799,0.8903774619102478,0.9690058827400208,0.9144976735115051,0.9502933621406555,0.9535170793533325,0.9341199994087219,0.8405583500862122,0.959377110004425,0.7448065280914307,0.8178347945213318,0.9897008538246155,0.9890313744544983,0.9890199899673462,0.9727174639701843,0.9512603878974915,0.9888261556625366,0.9278221130371094,0.9566494822502136,0.982244074344635,0.8220533728599548,0.9750743508338928,0.7806631922721863,0.9962464570999146,0.9630351662635803,0.7496048212051392,0.9372736215591431,0.954827606678009,0.8950713872909546,0.9159359335899353,0.9918293952941895,0.9114188551902771,0.985767126083374,0.9790442585945129,0.41563880443573,0.8530533313751221,0.9149587750434875,0.9853702783584595,0.7447937726974487,0.9367573261260986,0.7257814407348633,0.8579697012901306,0.860806405544281,0.9114488363265991,0.9836376905441284,0.9582629799842834,0.816799521446228,0.9419724345207214,0.9922240972518921,0.9658872485160828,0.9846912622451782,0.9589759707450867,0.9699253439903259
HUL,2017,0.9864923357963562,0.9851933121681213,0.9921832084655762,0.9865137934684753,0.9353131055831909,0.9540055394172668,0.9540257453918457,0.9815964102745056,0.9707674384117126,0.9662559032440186,0.9745023846626282,0.9821497797966003,0.9816449284553528,0.9498880505561829,0.9887110590934753,0.9068791270256042,0.939774751663208,0.9638502597808838,0.982060968875885,0.893944263458252,0.9749575257301331,0.9382517337799072,0.990566074848175,0.8882783055305481,0.9883599877357483,0.7529987096786499,0.8411840200424194,0.9659395217895508,0.9810778498649597,0.9749207496643066,0.9385421872138977,0.9377931356430054,0.9715791940689087,0.921384871006012,0.9666460156440735,0.9774370193481445,0.9811944961547852,0.9759606122970581,0.6382324695587158,0.9904729723930359,0.9690997004508972,0.6232628226280212,0.9741756319999695,0.9886998534202576,0.9856433272361755,0.6421797275543213,0.9932867884635925,0.7921029329299927,0.984736979007721,0.9733268022537231,0.5234741568565369,0.9445530772209167,0.9479066729545593,0.9925752282142639,0.9159715175628662,0.9463240504264832,0.8589510917663574,0.9830024838447571,0.9741438031196594,0.9921199679374695,0.9873519539833069,0.9670671224594116,0.8297300934791565,0.9770786762237549,0.9813249111175537,0.9234317541122437,0.9847173690795898,0.9911181926727295,0.9735203981399536
RIL,2016,0.9864374995231628,0.9919301867485046,0.9939084053039551,0.9929745197296143,0.9609024524688721,0.9816629886627197,0.984165608882904,0.9914783835411072,0.9852105379104614,0.9852436780929565,0.9794520139694214,0.9844803810119629,0.9780153632164001,0.9873066544532776,0.9882876873016357,0.9578464031219482,0.9661785960197449,0.8998788595199585,0.9815486073493958,0.9840818047523499,0.8628754019737244,0.9325984716415405,0.9100158214569092,0.865411639213562,0.9905393123626709,0.9811495542526245,0.9060823321342468,0.9297586679458618,0.9833136200904846,0.983720600605011,0.9446632862091064,0.9554039835929871,0.979131817817688,0.8424375653266907,0.9865595102310181,0.9072275161743164,0.9606195688247681,0.9913987517356873,0.960696816444397,0.9968149065971375,0.9835411310195923,0.9798606038093567,0.9497107863426208,0.9814557433128357,0.8691494464874268,0.8507707118988037,0.9755150079727173,0.9032939672470093,0.9772355556488037,0.9568358063697815,0.6599149703979492,0.9257170557975769,0.9725005030632019,0.9937667846679688,0.8867136836051941,0.813547670841217,0.8570077419281006,0.9781925678253174,0.9742395281791687,0.9733591079711914,0.986697793006897,0.9794474244117737,0.8451622724533081,0.9879240989685059,0.9825488328933716,0.9675322771072388,0.9865374565124512,0.992448091506958,0.9838300347328186
TCS,2014,0.9617652297019958,0.9828792810440063,0.9782180786132812,0.9736673831939697,0.8917617201805115,0.9115300178527832,0.9487398862838745,0.949223518371582,0.8808368444442749,0.9553603529930115,0.9818994402885437,0.9787488579750061,0.9797237515449524,0.968144953250885,0.9790456295013428,0.9408731460571289,0.9460434317588806,0.9678893089294434,0.9268242716789246,0.94964200258255,0.939220130443573,0.9482346773147583,0.9412534236907959,0.8806943893432617,0.9831515550613403,0.9570945501327515,0.8740048408508301,0.8630765080451965,0.9685453176498413,0.9800589680671692,0.9616509675979614,0.925678014755249,0.9773827195167542,0.8988610506057739,0.9868696331977844,0.9817323088645935,0.8990759253501892,0.9612258076667786,0.8382261991500854,0.9937423467636108,0.9567728042602539,0.8808028101921082,0.9649266004562378,0.9527105689048767,0.8996292948722839,0.8609029650688171,0.986309289932251,0.7889880537986755,0.9308345913887024,0.9660369157791138,0.6291998624801636,0.8951889872550964,0.952061653137207,0.9848167300224304,0.8736128211021423,0.8708065748214722,0.8227484226226807,0.965535581111908,0.9681622385978699,0.9575304985046387,0.9833831191062927,0.9660398364067078,0.8913014531135559,0.9715647101402283,0.9899458885192871,0.9233545064926147,0.9514368176460266,0.9866524338722229,0.9335157871246338
Tata Motors,2014,0.9716877341270447,0.9874240756034851,0.9946298003196716,0.9871828556060791,0.9673164486885071,0.9053398370742798,0.9580820202827454,0.9861544966697693,0.961850643157959,0.9911439418792725,0.9822114109992981,0.9788365960121155,0.9848552942276001,0.9753127098083496,0.9894893765449524,0.932271420955658,0.9729509949684143,0.8748815059661865,0.9381139278411865,0.9311830401420593,0.9413033723831177,0.959453284740448,0.9349240660667419,0.9037588238716125,0.988175094127655,0.9666741490364075,0.8655650019645691,0.9793067574501038,0.9896442294120789,0.9722587466239929,0.9804272055625916,0.9658390283584595,0.9608966112136841,0.8350999355316162,0.9524288773536682,0.8936873078346252,0.9738320708274841,0.9675158858299255,0.8675835132598877,0.9958378076553345,0.9868186116218567,0.8314728736877441,0.9639735221862793,0.9581294059753418,0.8724432587623596,0.37249359488487244,0.9120246767997742,0.8626986742019653,0.9661372900009155,0.9651137590408325,0.4861794710159302,0.9166620373725891,0.9604753255844116,0.9908891320228577,0.9650505781173706,0.9854046702384949,0.8406251072883606,0.9861081838607788,0.9630933403968811,0.9644477963447571,0.9820214509963989,0.9835093021392822,0.8791412711143494,0.9779297709465027,0.9866493940353394,0.9888910055160522,0.9813733100891113,0.9626876711845398,0.9747146964073181
Wipro,2016,0.9753247499465942,0.9896721243858337,0.9869611263275146,0.9895551204681396,0.8300994038581848,0.9244850277900696,0.9638980031013489,0.977332353591919,0.9124791622161865,0.9841191172599792,0.9767062067985535,0.9805073738098145,0.9792243838310242,0.9792062044143677,0.9825937747955322,0.9402104616165161,0.8855284452438354,0.9721166491508484,0.9438520073890686,0.959937334060669,0.9435412883758545,0.9223418235778809,0.9467582702636719,0.8360243439674377,0.9853923916816711,0.9785083532333374,0.828809380531311,0.9395101070404053,0.9829515218734741,0.9772688746452332,0.9593917727470398,0.9716686010360718,0.9834334850311279,0.9665132761001587,0.9638668298721313,0.9588198065757751,0.88611900806427,0.9563596844673157,0.8796885013580322,0.9954851865768433,0.9579928517341614,0.9536945223808289,0.9662265181541443,0.9662482738494873,0.8620210886001587,0.734204888343811,0.9935171604156494,0.9912854433059692,0.9843189120292664,0.9161209464073181,0.6590226292610168,0.9151158332824707,0.968062698841095,0.9785422682762146,0.7818623781204224,0.9212811589241028,0.8050785064697266,0.9712022542953491,0.9728263020515442,0.9687383770942688,0.9828967452049255,0.972152590751648,0.9850580096244812,0.9625498652458191,0.9873706102371216,0.9287348985671997,0.9873872399330139,0.9860352873802185,0.9602792859077454
HUL,2015,0.9796135425567627,0.9850257039070129,0.9921280741691589,0.991958498954773,0.9389735460281372,0.9659721851348877,0.9392470717430115,0.9893774390220642,0.9603584408760071,0.9821460843086243,0.9790595173835754,0.9789229035377502,0.9696146845817566,0.9515461325645447,0.993882417678833,0.9537451267242432,0.955888032913208,0.8286981582641602,0.9527292847633362,0.8338186144828796,0.8473770618438721,0.9675636291503906,0.7938016653060913,0.779583752155304,0.9895995259284973,0.9689673781394958,0.8452970385551453,0.7174050211906433,0.9916001558303833,0.9758968353271484,0.8690130114555359,0.9276362657546997,0.9328362941741943,0.9502250552177429,0.9781875014305115,0.9665865898132324,0.9780585765838623,0.9850659370422363,0.873554527759552,0.9935952425003052,0.9865562319755554,0.8147839307785034,0.9353814721107483,0.9944878816604614,0.9458619356155396,0.7598705291748047,0.9953552484512329,0.9332651495933533,0.9942741990089417,0.8963808417320251,0.9600481986999512,0.8512198328971863,0.9440320134162903,0.9887353777885437,0.8585482239723206,0.8169970512390137,0.8166440725326538,0.9222233295440674,0.9927499890327454,0.9961811304092407,0.982390284538269,0.971286416053772,0.7574107050895691,0.9821106195449829,0.9799455404281616,0.8827428817749023,0.918956458568573,0.9820833802223206,0.9332337975502014
TCS,2018,0.9620974063873291,0.9881397485733032,0.9719998836517334,0.983074963092804,0.8891010284423828,0.9659465551376343,0.9347040057182312,0.9550878405570984,0.9120883345603943,0.9822417497634888,0.985237181186676,0.9771826863288879,0.9812979698181152,0.9659302830696106,0.981656014919281,0.9104364514350891,0.9066212177276611,0.8682471513748169,0.9546716213226318,0.9310587048530579,0.9628860950469971,0.9325605630874634,0.9829267859458923,0.8962823748588562,0.9910086989402771,0.7787929177284241,0.7647851705551147,0.9831923246383667,0.9866245985031128,0.9796357750892639,0.9431208968162537,0.9693131446838379,0.9902342557907104,0.9784249663352966,0.9727439284324646,0.8907110691070557,0.9113563895225525,0.9489061236381531,0.8161340951919556,0.9960357546806335,0.9576048851013184,0.8221198916435242,0.972619354724884,0.9701204895973206,0.8726372122764587,0.5352818965911865,0.9899333119392395,0.9207926988601685,0.7601830363273621,0.9118212461471558,0.28675270080566406,0.9002258777618408,0.9358146786689758,0.9730491042137146,0.8167012929916382,0.9623629450798035,0.8153504133224487,0.9805160164833069,0.9334440231323242,0.938450038433075,0.9723159670829773,0.9677872061729431,0.9473367929458618,0.9587885141372681,0.9882461428642273,0.9188935160636902,0.9880814552307129,0.9901538491249084,0.8954898118972778
HUL,2014,0.9822949767112732,0.9816310405731201,0.9942505359649658,0.9877131581306458,0.962710976600647,0.9649144411087036,0.9459137320518494,0.974138617515564,0.9761857986450195,0.9732524156570435,0.9533941149711609,0.985487163066864,0.9857226610183716,0.9564405679702759,0.9876383543014526,0.9080487489700317,0.8264094591140747,0.965306282043457,0.9803239703178406,0.8359041213989258,0.7680341601371765,0.8665796518325806,0.8605982661247253,0.8232395648956299,0.9838885068893433,0.977154016494751,0.8183660507202148,0.649624764919281,0.9863790273666382,0.9647199511528015,0.8638430833816528,0.9455509781837463,0.9339119791984558,0.9161213636398315,0.96109938621521,0.9318905472755432,0.9825006723403931,0.9705652594566345,0.9532504081726074,0.9949616193771362,0.9769452810287476,0.7179042100906372,0.9433860182762146,0.9908747673034668,0.8743164539337158,0.5883111357688904,0.9951671957969666,0.8094488978385925,0.9393724203109741,0.922966718673706,0.7841947078704834,0.9009853005409241,0.9732900261878967,0.9870479702949524,0.8905618786811829,0.9558941125869751,0.911200225353241,0.923430323600769,0.9897888898849487,0.992835521697998,0.974811315536499,0.9824953079223633,0.7523276805877686,0.9526975750923157,0.9899850487709045,0.9455596804618835,0.9556004405021667,0.9845023155212402,0.9782887697219849
ITC,2017,0.9738235473632812,0.9915031790733337,0.9926256537437439,0.9880927801132202,0.9594417810440063,0.9621483087539673,0.9466614723205566,0.9831641316413879,0.9676570296287537,0.9846861958503723,0.98370361328125,0.9804844260215759,0.9865384101867676,0.9536031484603882,0.9891214966773987,0.8920630812644958,0.92940354347229,0.9014065265655518,0.9795094728469849,0.9333181381225586,0.8158775568008423,0.9107451438903809,0.904933512210846,0.8543102145195007,0.9935204982757568,0.9255453944206238,0.8762218952178955,0.8368223309516907,0.9736274480819702,0.9625698924064636,0.9136024713516235,0.9527458548545837,0.9677518010139465,0.8633047342300415,0.9710997939109802,0.9002000689506531,0.9814512133598328,0.9813072681427002,0.837813675403595,0.9917502403259277,0.9788932204246521,0.8025182485580444,0.9862655997276306,0.9750754237174988,0.9576665759086609,0.5913549065589905,0.9947544932365417,0.9725675582885742,0.855344831943512,0.9788587093353271,0.7781529426574707,0.9109888672828674,0.9415167570114136,0.9833132028579712,0.9791032671928406,0.9214522242546082,0.8672575354576111,0.9920608997344971,0.9693973660469055,0.9788772463798523,0.9959102272987366,0.9715550541877747,0.8466957211494446,0.9579396843910217,0.9627204537391663,0.9754354357719421,0.9685978889465332,0.9771353602409363,0.9380559921264648
Bharti Airtel,2017,0.9808593392372131,0.9876464009284973,0.9936146140098572,0.991887092590332,0.8641161918640137,0.9560856819152832,0.976990818977356,0.9902573227882385,0.9688602089881897,0.9896438717842102,0.9710645079612732,0.985268235206604,0.9836283326148987,0.9536169171333313,0.9901114702224731,0.9510125517845154,0.9485856890678406,0.9623785018920898,0.9604093432426453,0.9369125962257385,0.9241078495979309,0.9283740520477295,0.911949872970581,0.9126539826393127,0.9874851703643799,0.8094733953475952,0.8862230181694031,0.9771438837051392,0.9897658824920654,0.9888869524002075,0.9403804540634155,0.9758671522140503,0.9694177508354187,0.9687064290046692,0.9785403609275818,0.9716334939002991,0.9792138934135437,0.9811540842056274,0.5414185523986816,0.9562060236930847,0.9410674571990967,0.7235828042030334,0.9731409549713135,0.9760953187942505,0.7012926340103149,0.4569096565246582,0.9960494041442871,0.9628870487213135,0.9930431246757507,0.9692299365997314,0.5234726071357727,0.9625243544578552,0.9673396348953247,0.9861347675323486,0.9054816961288452,0.9368748068809509,0.8134217262268066,0.9866940379142761,0.9713822603225708,0.971767246723175,0.9913782477378845,0.9826271533966064,0.9413710832595825,0.9793819785118103,0.9503978490829468,0.9671618342399597,0.9771361351013184,0.9906705617904663,0.9600726366043091
Coal India,2018,0.9707096815109253,0.9936729073524475,0.9930518865585327,0.9899691939353943,0.8992464542388916,0.9858469367027283,0.947965145111084,0.9782213568687439,0.9469730257987976,0.9836760759353638,0.972210705280304,0.9771231412887573,0.9698306322097778,0.9599764347076416,0.9827665686607361,0.9485533237457275,0.9639209508895874,0.9690330028533936,0.973840057849884,0.9799924492835999,0.9535658359527588,0.880132257938385,0.929768979549408,0.8928914666175842,0.9874897599220276,0.9911898374557495,0.9208074808120728,0.9235158562660217,0.9843374490737915,0.9806234240531921,0.9782642126083374,0.9804930686950684,0.9737095236778259,0.9460741877555847,0.9844277501106262,0.9659634232521057,0.7962048053741455,0.9550835490226746,0.9038875102996826,0.9946925044059753,0.9710587859153748,0.923754096031189,0.9838628768920898,0.9712600708007812,0.8811055421829224,0.6059831976890564,0.9682026505470276,0.838074266910553,0.9831394553184509,0.8995630741119385,0.5865952968597412,0.8848088383674622,0.9638420343399048,0.9780189990997314,0.9616978764533997,0.9359014630317688,0.9300850033760071,0.9703034162521362,0.9895905256271362,0.9896042346954346,0.9844886064529419,0.96775883436203,0.893744707107544,0.9582815170288086,0.9827924370765686,0.8020433187484741,0.9529338479042053,0.9818598628044128,0.9847822785377502
Bharti Airtel,2018,0.9803767204284668,0.9900454878807068,0.9908713698387146,0.9925137758255005,0.8924705982208252,0.9439353346824646,0.9759417772293091,0.9787853956222534,0.9903799295425415,0.9783869981765747,0.985126256942749,0.984790563583374,0.9841277599334717,0.9694030284881592,0.9873407483100891,0.9458470344543457,0.9650779962539673,0.9806626439094543,0.9798957705497742,0.9535328149795532,0.9602086544036865,0.9089705944061279,0.9503486156463623,0.8862859010696411,0.9869746565818787,0.8811302781105042,0.8754183053970337,0.9857503175735474,0.9939839839935303,0.9684613943099976,0.9708440899848938,0.9719433188438416,0.9652605652809143,0.9462746977806091,0.9820284247398376,0.9804783463478088,0.9750663042068481,0.9744303226470947,0.8317506909370422,0.9897594451904297,0.9626270532608032,0.7774107456207275,0.9784387350082397,0.9634867906570435,0.8092734217643738,0.9192090630531311,0.9959713816642761,0.942574143409729,0.9251247644424438,0.8668098449707031,0.17209386825561523,0.9488027691841125,0.9306882619857788,0.9603568315505981,0.9277530908584595,0.9720599055290222,0.8103564977645874,0.9887111783027649,0.9755438566207886,0.9581859111785889,0.9731821417808533,0.9674678444862366,0.835373044013977,0.9231885075569153,0.9620795845985413,0.8881441950798035,0.9866756200790405,0.9751467108726501,0.981763482093811
HUL,2016,0.9737953543663025,0.9853841066360474,0.9919925332069397,0.9873570799827576,0.952454686164856,0.9658958315849304,0.9525673389434814,0.9760663509368896,0.9704992771148682,0.9587383270263672,0.9849156141281128,0.9833675026893616,0.9771907329559326,0.9409987330436707,0.9878997206687927,0.9085803627967834,0.9569440484046936,0.6615781188011169,0.9512746334075928,0.8344376087188721,0.9170363545417786,0.9281501173973083,0.8830905556678772,0.8345863223075867,0.9924054145812988,0.9756601452827454,0.9105334281921387,0.4406112730503082,0.9767860770225525,0.9683825969696045,0.9359226226806641,0.9553399682044983,0.977774441242218,0.8986453413963318,0.9710600972175598,0.9325981140136719,0.9860302805900574,0.97806715965271,0.7862264513969421,0.9870479702949524,0.9610442519187927,0.8196643590927124,0.9551500082015991,0.9839159846305847,0.9888924360275269,0.9576767086982727,0.9958279132843018,0.8678527474403381,0.991334855556488,0.9213929176330566,0.5742824077606201,0.8931973576545715,0.9306334853172302,0.98209148645401,0.8886051774024963,0.9714334607124329,0.7738677859306335,0.9690715670585632,0.9710181355476379,0.9891205430030823,0.9873807430267334,0.9745068550109863,0.7697329521179199,0.9686113595962524,0.9918304681777954,0.9246368408203125,0.9804753661155701,0.9926475882530212,0.9498017430305481
TCS,2015,0.9768885970115662,0.9889548420906067,0.9682291150093079,0.9832494854927063,0.9031081795692444,0.8874468803405762,0.9494187235832214,0.966058611869812,0.8856816291809082,0.9650223255157471,0.9873635768890381,0.9697413444519043,0.9784159660339355,0.9531893134117126,0.9846264123916626,0.8864181041717529,0.9568294286727905,0.9602773785591125,0.9620415568351746,0.9734532833099365,0.9146660566329956,0.9068902730941772,0.8805364370346069,0.9016321301460266,0.9670899510383606,0.9653382897377014,0.8854392766952515,0.6601282358169556,0.9858738780021667,0.9740175008773804,0.9581114649772644,0.9503141045570374,0.9851582050323486,0.8980379104614258,0.9702450633049011,0.9433495402336121,0.8093616962432861,0.9465775489807129,0.9253867268562317,0.9967522621154785,0.9334657788276672,0.8836541175842285,0.9582648277282715,0.9699565172195435,0.7823790311813354,0.6440876722335815,0.9914321303367615,0.890612006187439,0.976413905620575,0.9662558436393738,0.739871621131897,0.9204283356666565,0.9271103143692017,0.9803693890571594,0.7850673794746399,0.7311534285545349,0.820249617099762,0.9270350933074951,0.9864925742149353,0.947484016418457,0.989015519618988,0.934795081615448,0.8487539887428284,0.9904043078422546,0.978486955165863,0.8998680114746094,0.9850466847419739,0.986595094203949,0.9449004530906677
ITC,2016,0.9732933044433594,0.9889801144599915,0.9939984083175659,0.990911602973938,0.9345795512199402,0.9538114070892334,0.9734593033790588,0.9552063941955566,0.9656487107276917,0.9895312190055847,0.9831308126449585,0.9895228743553162,0.9775251150131226,0.971331000328064,0.9894177913665771,0.9135288000106812,0.9483315944671631,0.931847333908081,0.976100504398346,0.9622904062271118,0.8634088635444641,0.8507980108261108,0.9120168685913086,0.7686236500740051,0.9834893345832825,0.9895879030227661,0.9001069068908691,0.8570830225944519,0.9730396866798401,0.9764335751533508,0.9093256592750549,0.9341397285461426,0.9845302700996399,0.9328337907791138,0.9669760465621948,0.9778441190719604,0.9645510315895081,0.973186731338501,0.9515288472175598,0.9963111877441406,0.9831591248512268,0.8780961632728577,0.9660620093345642,0.9770517349243164,0.8218997120857239,0.7222825884819031,0.9923586845397949,0.9749451875686646,0.8300333023071289,0.969799816608429,0.8127340078353882,0.9302686452865601,0.9549351334571838,0.9843660593032837,0.8297642469406128,0.7447455525398254,0.7823777794837952,0.9695199131965637,0.9710879325866699,0.9880316257476807,0.9894545674324036,0.9832800626754761,0.7836081981658936,0.9847079515457153,0.9768977761268616,0.9679176211357117,0.9609522819519043,0.966864287853241,0.9641065001487732
RIL,2015,0.990859866142273,0.9881874918937683,0.9935088157653809,0.9876532554626465,0.9739912152290344,0.9856587648391724,0.9687715768814087,0.9873788952827454,0.9823034405708313,0.9909451603889465,0.9702090620994568,0.9809749722480774,0.982476532459259,0.9768691658973694,0.9854699373245239,0.9653007388114929,0.9586747884750366,0.9150707721710205,0.9777010679244995,0.9842835068702698,0.8725224733352661,0.9313157200813293,0.9289455413818359,0.8807271718978882,0.989446222782135,0.9755715131759644,0.9579496383666992,0.9707480072975159,0.9806041121482849,0.9855053424835205,0.9578326940536499,0.9621152281761169,0.9693094491958618,0.885690450668335,0.9629007577896118,0.9217011332511902,0.9600260257720947,0.985410213470459,0.938210129737854,0.9969015121459961,0.9921424388885498,0.8602191805839539,0.939403235912323,0.9813222885131836,0.8410166501998901,0.6446102261543274,0.8927077054977417,0.8151172399520874,0.9859399199485779,0.9340570569038391,0.6418893933296204,0.9484089612960815,0.9403436183929443,0.9778338670730591,0.9023007154464722,0.9126033186912537,0.8937655091285706,0.9508501291275024,0.960416853427887,0.9754290580749512,0.9823134541511536,0.9663856029510498,0.8552100658416748,0.9902101159095764,0.9822178483009338,0.9770748019218445,0.984025239944458,0.9931046962738037,0.9780111908912659
Wipro,2018,0.9724555611610413,0.9919424653053284,0.9881981611251831,0.9872586727142334,0.891474723815918,0.9495015740394592,0.9557282328605652,0.981863796710968,0.9092500805854797,0.9825427532196045,0.979930579662323,0.9811382293701172,0.9859499335289001,0.9488868117332458,0.989256739616394,0.9294664859771729,0.9529205560684204,0.9880675673484802,0.964495062828064,0.9716149568557739,0.9855258464813232,0.9455612301826477,0.9454724788665771,0.8710399270057678,0.9908547401428223,0.9745955467224121,0.954212486743927,0.9253054857254028,0.9869977831840515,0.9805132150650024,0.9737454652786255,0.9800483584403992,0.9764261245727539,0.9552390575408936,0.9859914779663086,0.9284481406211853,0.9059884548187256,0.9821068644523621,0.9838829636573792,0.996198832988739,0.937042772769928,0.8663188815116882,0.9606290459632874,0.9751110672950745,0.8230825662612915,0.8572530746459961,0.9953628182411194,0.9867156147956848,0.9751927852630615,0.9348205924034119,0.9028192758560181,0.9034793972969055,0.9423561096191406,0.9826650023460388,0.831405520439148,0.7501830458641052,0.7793042659759521,0.9895024299621582,0.9789164662361145,0.9621367454528809,0.9882931113243103,0.9798344969749451,0.9772584438323975,0.9636497497558594,0.9859334230422974,0.9208601713180542,0.9886165261268616,0.9929646849632263,0.9829325675964355
Coal India,2014,0.9814408421516418,0.9877182245254517,0.9894338250160217,0.9901212453842163,0.8773040771484375,0.982552707195282,0.9598255753517151,0.9801912307739258,0.8998978734016418,0.9741060137748718,0.9424842000007629,0.9736224412918091,0.9614250659942627,0.9529179334640503,0.9841774702072144,0.9715034365653992,0.9517319798469543,0.8838886022567749,0.9583497643470764,0.9603032469749451,0.8466644883155823,0.8605372309684753,0.8675960898399353,0.8817696571350098,0.9852819442749023,0.8314304351806641,0.9179006814956665,0.911632776260376,0.9459298253059387,0.9655139446258545,0.8601970672607422,0.94770348072052,0.9792706966400146,0.972874104976654,0.9619220495223999,0.9462804794311523,0.8643704652786255,0.9538095593452454,0.7612669467926025,0.9953194260597229,0.961992621421814,0.8386136889457703,0.968859851360321,0.9768304824829102,0.8302538394927979,0.898370087146759,0.9683400392532349,0.69288569688797,0.8326354026794434,0.9547165036201477,0.31504136323928833,0.9084394574165344,0.9297815561294556,0.9765986800193787,0.8252120018005371,0.8872074484825134,0.7418060898780823,0.9574205875396729,0.9840938448905945,0.9802904725074768,0.9847530722618103,0.9875338673591614,0.7801382541656494,0.9197309017181396,0.9508006572723389,0.9306238889694214,0.9807830452919006,0.9303304553031921,0.9750354886054993
ITC,2018,0.9766051173210144,0.9913082122802734,0.9918094873428345,0.9855630397796631,0.9466688632965088,0.9809731245040894,0.9521732926368713,0.9559575319290161,0.974088191986084,0.9795294404029846,0.9723546504974365,0.9814056754112244,0.9743323922157288,0.9651216864585876,0.9883739948272705,0.9070925116539001,0.932319164276123,0.773485541343689,0.9824889898300171,0.9528442025184631,0.8389055132865906,0.8966175317764282,0.9423576593399048,0.8917192220687866,0.984965443611145,0.9846595525741577,0.9259254336357117,0.9323261976242065,0.9773030281066895,0.983334481716156,0.8925027251243591,0.9639112949371338,0.9533795714378357,0.8728899955749512,0.9827501177787781,0.9369829297065735,0.9777284264564514,0.9840130805969238,0.7567165493965149,0.9945799112319946,0.9747950434684753,0.7099160552024841,0.9871786832809448,0.9750056266784668,0.9283345341682434,0.7624274492263794,0.9970399141311646,0.9533324241638184,0.9598372578620911,0.9591554999351501,0.4805765748023987,0.9359489679336548,0.9601759910583496,0.9881033301353455,0.9683554768562317,0.9717425107955933,0.8862570524215698,0.9856004118919373,0.9715750217437744,0.9890204668045044,0.9872978329658508,0.9634835720062256,0.7892302870750427,0.9339929223060608,0.9652618169784546,0.967284619808197,0.9763401746749878,0.9891002178192139,0.9361631274223328
